,time,anomaly,cyber,position1,current1,speed1,voltage1,position2,current2,speed2,voltage2,position3,current3,speed3,voltage3,position4,current4,speed4,voltage4,position5,current5,speed5,voltage5,cmd pos1,cmd pos2,cmd pos3,cmd pos4,cmd pos5,cmd spd1,cmd spd2,cmd spd3,cmd spd4,cmd spd5
0,0.0,-1,0,-3,56,0,12065,-9,496,0,12005,4,540,0,11642,2,52,0,11996,-5,0,0,11949,-3,-9,4,2,-6,4,4,4,4,4
1,0.4008216857910156,-1,0,-3,31,0,12063,-9,433,0,12004,4,551,0,11642,3,2,1,11987,-6,0,1,11923,-3,-9,4,2,-6,4,4,4,4,4
2,0.8001315593719482,-1,0,-2,97,0,12037,-9,510,0,12008,4,530,0,11610,3,5,1,12008,-5,28,0,11947,775,0,0,0,0,4,4,4,4,4
3,1.1995699405670166,-1,0,93,200,3,12041,-9,486,0,12000,4,524,0,11626,2,9,0,11994,-6,13,0,11968,775,0,0,0,0,4,4,4,4,4
4,1.5989360809326172,-1,0,188,149,4,12038,-9,518,0,12011,4,529,0,11643,2,0,0,11997,-6,0,0,11924,775,-37,316,-597,-718,4,4,4,4,4
5,1.9982526302337646,-1,0,283,213,4,12066,-9,428,0,11979,4,498,0,11634,2,12,0,11978,-5,60,0,11937,775,-37,316,-597,-718,4,4,4,4,4
6,2.3976430892944336,-1,0,378,221,4,12051,-9,448,0,11990,4,553,0,11642,3,54,1,11946,-5,64,0,11955,775,-37,316,-597,-718,4,4,4,4,4
7,2.7982540130615234,-1,0,473,225,5,12045,-9,393,0,11988,4,565,0,11642,3,0,0,11977,-6,87,0,11977,775,-37,316,-597,-718,4,4,4,4,4
8,3.1977789402008057,-1,0,569,213,4,12024,-9,510,0,11999,4,557,0,11640,2,14,0,11893,-5,74,0,11902,775,-37,316,-597,-718,4,4,4,4,4
9,3.597078323364258,-1,0,666,182,3,12043,-9,501,0,12002,4,361,0,11567,2,0,0,11982,-5,21,0,11943,775,-37,316,-597,-718,4,4,4,4,4
10,3.996549367904663,-1,0,761,127,2,12035,-9,493,0,11997,4,555,0,11631,2,0,1,11988,-6,0,0,11947,775,-37,316,-597,-718,4,4,4,4,4
11,4.395787715911865,-1,0,775,140,0,12058,-9,536,0,11998,4,461,0,11642,2,0,0,11969,-5,26,0,11989,775,-37,316,-597,-718,4,4,4,4,4
12,4.795026063919067,-1,0,775,37,0,12060,-9,434,0,12000,4,541,0,11642,2,0,1,11927,-6,5,0,11950,775,-37,316,-597,-718,4,4,4,4,4
13,5.195740222930908,-1,0,775,116,0,12055,-9,505,0,12008,4,398,0,11556,2,0,0,11870,-6,19,0,11984,775,-37,316,-597,-718,4,4,4,4,4
14,5.595032215118408,-1,0,775,141,0,12067,-9,394,-2,11989,8,568,4,11642,1,3,-2,11971,-6,32,-1,11986,775,-37,316,-597,-718,4,4,4,4,4
15,5.994590997695923,-1,0,775,76,0,12062,-35,576,1,11991,104,5,4,12107,-92,92,-2,11939,-93,104,-3,11955,775,-37,316,-597,-718,4,4,4,4,4
16,6.3940324783325195,-1,0,775,154,0,11937,-35,597,0,11996,199,157,4,12110,-188,195,-3,11960,-190,61,-3,11927,775,-83,251,-111,-770,4,4,4,4,4
17,6.794610261917114,-1,0,775,48,0,12042,-35,609,0,12002,294,108,5,12118,-285,117,-3,11921,-286,84,-3,11942,775,-83,251,-111,-770,4,4,4,4,4
18,7.194196462631226,-1,0,775,123,0,12018,-35,513,0,11980,316,581,0,11492,-381,98,-3,11912,-383,45,-3,11922,775,-83,251,-111,-770,4,4,4,4,4
19,7.5941174030303955,-1,0,775,145,0,12053,-35,586,0,11983,315,409,0,11415,-477,149,-3,11946,-480,67,-3,11928,775,-83,251,-111,-770,4,4,4,4,4
20,7.99281644821167,-1,0,775,48,0,12049,-35,560,0,11979,315,626,0,11404,-574,113,-3,11921,-575,62,-3,11876,775,-83,251,-111,-770,4,4,4,4,4
21,8.392207860946655,-1,0,775,123,0,12057,-35,530,0,11967,315,519,0,11372,-595,126,0,11941,-671,55,-3,11932,775,-83,251,-111,-770,4,4,4,4,4
22,8.791594743728638,-1,0,775,127,0,12065,-35,413,0,11997,315,494,0,11448,-595,16,0,11986,-714,0,0,11935,775,-83,251,-111,-770,4,4,4,4,4
23,9.191580533981323,-1,0,775,47,0,12030,-35,631,0,11962,315,472,0,11442,-595,5,0,11986,-714,0,0,11974,775,-83,251,-111,-770,4,4,4,4,4
24,9.590094327926636,-1,0,775,50,0,11985,-87,473,0,11878,264,685,0,11711,-570,99,4,11921,-769,25,0,11908,775,-83,251,-111,-770,4,4,4,4,4
25,9.990894079208374,-1,0,775,154,0,12052,-86,439,0,12055,251,554,1,11611,-471,51,4,11991,-770,0,0,11982,775,-83,251,-111,-770,4,4,4,4,4
26,10.390741348266602,-1,0,775,157,0,12056,-86,369,0,12040,251,530,0,11642,-372,70,4,11978,-770,2,0,11984,775,450,300,-700,-600,4,4,4,4,4
27,10.789639949798584,-1,0,775,68,0,12058,-86,275,0,12025,251,552,1,11643,-277,33,4,11992,-770,0,0,11985,775,450,300,-700,-600,4,4,4,4,4
28,11.188764572143555,-1,0,775,123,0,12068,-86,257,0,11967,252,529,0,11645,-181,79,5,11960,-770,0,0,11983,775,450,300,-700,-600,4,4,4,4,4
29,11.588234901428223,-1,0,775,69,0,12063,-86,405,1,12038,251,518,1,11627,-114,43,0,11962,-770,0,0,11987,775,450,300,-700,-600,4,4,4,4,4
30,11.987618923187256,-1,0,775,129,0,12059,-86,308,0,12034,252,505,0,11643,-114,0,0,11973,-770,0,0,11985,775,450,300,-700,-600,4,4,4,4,4
31,12.38699221611023,-1,0,775,129,0,12076,-53,189,4,12071,300,0,0,12154,-150,133,-3,12015,-734,75,4,11996,775,450,300,-700,-600,4,4,4,4,4
32,12.787655591964722,-1,0,775,96,0,12064,41,0,5,12036,300,566,0,11429,-248,95,-3,11984,-637,150,4,11956,775,450,300,-700,-600,4,4,4,4,4
33,13.187212705612183,-1,0,775,77,0,12068,142,6,5,12050,300,509,0,11608,-344,83,-4,11995,-604,0,0,11998,775,650,50,-620,-600,4,4,4,4,4
34,13.586410999298096,-1,0,775,146,0,12028,246,134,4,12031,300,538,0,11602,-441,80,-3,11925,-604,0,0,11936,775,650,50,-620,-600,4,4,4,4,4
35,13.986701965332031,-1,0,775,137,0,12058,342,258,5,12043,299,476,0,11526,-538,156,-3,11977,-604,0,0,11989,775,650,50,-620,-600,4,4,4,4,4
36,14.38648247718811,-1,0,775,150,0,12068,439,154,0,11979,298,329,0,12139,-633,143,-3,11975,-604,0,0,11843,775,650,50,-620,-600,4,4,4,4,4
37,14.785862684249878,-1,0,775,124,0,12037,452,345,0,12043,297,361,0,12140,-697,162,0,11969,-604,0,0,11988,775,650,50,-620,-600,4,4,4,4,4
38,15.185257196426392,-1,0,775,104,0,12062,452,394,1,12038,297,242,0,12143,-697,82,0,11980,-604,0,0,11996,775,650,50,-620,-600,4,4,4,4,4
39,15.584478378295898,-1,0,775,81,0,12063,470,598,4,12044,271,335,-1,11622,-691,81,3,12012,-604,0,0,11975,775,650,50,-620,-600,4,4,4,4,4
40,15.985617399215698,-1,0,775,113,0,12064,568,208,4,12023,177,519,-2,11623,-623,47,0,12002,-604,0,0,12002,775,650,50,-620,-600,4,4,4,4,4
41,16.384462356567383,-1,0,775,43,0,12046,650,166,0,11992,83,595,-3,11691,-623,0,0,11999,-604,0,0,11986,775,650,25,-620,-200,4,4,4,4,4
42,16.783762216567993,-1,0,775,143,0,11888,651,638,0,11792,50,404,0,12141,-623,0,0,11987,-604,0,0,11964,775,650,25,-620,-200,4,4,4,4,4
43,17.183369874954224,-1,0,775,81,0,12068,651,559,0,11842,50,245,0,12137,-623,0,0,12006,-604,0,0,11990,775,650,25,-620,-200,4,4,4,4,4
44,17.582681894302368,0,0,775,51,0,12065,652,577,1,11874,26,313,0,12115,-623,0,0,11975,-529,90,4,11967,775,650,25,-620,-200,4,4,4,4,4
45,17.982060432434082,0,0,775,91,0,12054,652,546,0,11838,26,398,0,12102,-623,0,0,11976,-434,69,4,11957,-100,-546,301,-184,-200,4,4,4,4,4
46,18.381447076797485,0,0,775,116,0,12069,652,649,0,11936,26,316,0,12064,-623,0,0,11981,-337,111,4,11977,-100,-546,301,-184,-200,4,4,4,4,4
47,18.781933069229126,0,0,775,32,0,12062,652,539,0,11969,26,411,0,12123,-623,0,0,11968,-242,80,4,11962,-100,-546,301,-184,-200,4,4,4,4,4
48,19.181405544281006,0,0,775,105,0,12054,652,578,0,11961,26,408,0,12069,-623,0,0,11990,-199,0,0,11969,-100,-546,301,-184,-200,4,4,4,4,4
49,19.580782413482666,0,0,775,52,0,12067,652,460,0,11935,26,275,2,12053,-623,0,3,11993,-199,0,0,11982,-100,-546,301,-184,-200,4,4,4,4,4
50,19.980082511901855,0,0,749,83,0,12017,577,749,-4,11979,101,275,4,12006,-536,65,4,11935,-199,0,0,11922,-100,-546,301,-184,-200,4,4,4,4,4
51,20.379645824432373,0,0,671,224,-3,11981,475,637,-2,11958,196,28,3,12094,-439,90,4,11949,-199,0,0,11929,-100,-426,5,-880,-200,4,4,4,4,4
52,20.778919458389282,0,0,578,153,-3,12032,376,601,-3,11988,292,46,1,12065,-343,130,4,11963,-200,0,0,11929,-100,-426,5,-880,-200,4,4,4,4,4
53,21.178274154663086,0,0,483,155,-2,12043,279,554,-2,11951,301,241,0,12119,-248,93,4,11914,-200,0,0,11933,-100,-426,5,-880,-200,4,4,4,4,4
54,21.577687740325928,0,0,388,182,-2,11989,186,607,-4,11961,302,444,0,12094,-186,97,0,11960,-199,0,0,11962,-100,-426,5,-880,-200,4,4,4,4,4
55,21.9770667552948,0,0,293,118,-3,12034,87,612,-4,11962,303,399,0,11698,-186,0,0,11977,-200,0,0,11936,-100,-426,5,-880,-200,4,4,4,4,4
56,22.37770652770996,0,0,198,127,-3,12002,-10,598,-3,11891,303,436,0,11613,-186,0,0,11895,-200,0,0,11960,-100,-426,5,-880,-200,4,4,4,4,4
57,22.776989936828613,0,0,102,173,-3,12005,-109,476,-3,11961,304,452,0,11530,-186,0,0,11942,-199,0,1,11966,-100,-426,5,-880,-200,4,4,4,4,4
58,23.17638850212097,0,0,6,220,-3,12051,-206,557,-3,11948,303,539,0,11570,-186,0,0,11977,-200,0,0,11971,-100,-426,5,-880,-200,4,4,4,4,4
59,23.57580018043518,0,0,-89,147,0,12015,-306,527,-3,11957,304,372,0,11524,-186,0,0,11983,-200,0,0,11979,-100,-426,5,-880,-200,4,4,4,4,4
60,23.976399421691895,0,0,-92,1,0,12055,-406,447,-3,11967,304,567,0,11570,-186,0,0,11985,-200,0,0,11985,-100,-426,5,-880,-200,4,4,4,4,4
61,24.37577247619629,0,0,-91,0,0,12053,-504,347,-3,11963,304,545,0,11589,-186,0,0,11972,-200,0,0,11990,-100,-426,5,-880,-200,4,4,4,4,4
62,24.775135040283203,0,0,-92,0,0,11974,-554,372,-3,11994,304,300,0,11597,-186,67,1,11958,-200,0,0,11986,-100,-426,5,-880,-200,4,4,4,4,4
63,25.174444437026978,0,0,-91,0,1,12066,-564,190,1,12052,303,445,0,11532,-186,0,0,12017,-200,0,0,11972,-100,-426,5,-880,-200,4,4,4,4,4
64,25.573999166488647,0,0,-91,0,0,12041,-523,297,4,11658,265,601,-3,11607,-205,62,-4,11953,-200,0,0,11924,-100,-426,5,-880,-200,4,4,4,4,4
65,25.973353385925293,0,0,-91,0,0,11812,-424,205,-1,11690,169,593,-3,11626,-303,164,-3,11968,-200,0,0,11940,-100,-426,5,-880,-200,4,4,4,4,4
66,26.372645378112793,0,0,-92,0,0,12053,-426,194,0,11979,72,545,-3,11675,-404,60,-3,12001,-200,0,0,11985,-100,-365,126,-166,-200,4,4,4,4,4
67,26.773436546325684,0,0,-91,0,0,12064,-428,18,0,12053,2,446,0,12127,-504,81,-2,11986,-200,0,0,11989,-100,-365,126,-166,-200,4,4,4,4,4
68,27.172651529312134,0,0,-92,0,0,12021,-427,383,0,11980,3,322,0,12140,-602,27,-3,12004,-200,0,0,11991,-100,-365,126,-166,-200,4,4,4,4,4
69,27.57197403907776,0,0,-92,0,0,12079,-427,353,1,12047,2,389,0,12120,-698,88,-3,11997,-200,0,0,11996,-100,-365,126,-166,-200,4,4,4,4,4
70,27.971389770507812,0,0,-91,0,0,12036,-427,362,0,12041,2,213,0,12138,-794,104,-3,12003,-200,0,0,11999,-100,-365,126,-166,-200,4,4,4,4,4
71,28.370784282684326,0,0,-91,0,0,11846,-427,366,0,12038,2,395,0,12135,-878,75,0,12013,-200,0,0,11971,-100,-365,126,-166,-200,4,4,4,4,4
72,28.771349906921387,0,0,-91,0,0,12036,-421,362,6,12044,7,387,3,12143,-876,0,3,12025,-200,0,0,12006,-100,-365,126,-166,-200,4,4,4,4,4
73,29.170762538909912,0,0,-92,0,0,12062,-358,190,0,12050,105,77,4,12162,-784,129,4,12021,-200,1,0,12039,-100,-365,126,-166,-200,4,4,4,4,4
74,29.57016134262085,0,0,-91,0,0,12066,-356,6,0,11974,128,496,0,11763,-683,48,4,11990,-200,0,0,11992,-100,-175,439,-104,-200,4,4,4,4,4
75,29.969507455825806,0,0,-92,0,0,12044,-357,226,0,11975,129,483,0,11666,-588,93,3,12009,-200,3,0,12014,-100,-175,439,-104,-200,4,4,4,4,4
76,30.36891007423401,0,0,-91,0,0,12061,-357,236,0,12024,129,448,0,11608,-489,56,4,11958,-200,0,0,11997,-100,-175,439,-104,-200,4,4,4,4,4
77,30.76962113380432,0,0,-91,0,0,12054,-357,73,0,12035,129,455,0,11599,-391,117,4,11999,-200,0,0,11980,-100,-175,439,-104,-200,4,4,4,4,4
78,31.168774127960205,0,0,-91,0,0,12055,-357,247,0,12026,129,441,0,11587,-293,27,4,11984,-200,0,0,11993,-100,-175,439,-104,-200,4,4,4,4,4
79,31.568259239196777,0,0,-91,0,0,12054,-357,157,0,12035,129,536,0,11573,-196,15,4,11963,-200,0,0,11975,-100,-175,439,-104,-200,4,4,4,4,4
80,31.9678053855896,0,0,-92,0,0,12060,-357,160,0,12046,129,538,0,11593,-167,0,0,12021,-200,0,0,11961,-100,-175,439,-104,-200,4,4,4,4,4
81,32.366997957229614,0,0,-91,0,0,12060,-357,224,0,12046,129,481,0,11601,-167,0,0,12013,-200,0,0,11965,-100,-175,439,-104,-200,4,4,4,4,4
82,32.766374826431274,0,0,-91,0,0,12098,-308,316,5,12046,190,0,3,12174,-112,96,0,11983,-200,0,0,11985,-100,-175,439,-104,-200,4,4,4,4,4
83,33.16565561294556,0,0,-92,3,0,12047,-211,203,4,12047,284,172,5,12163,-103,0,0,12041,-200,0,0,11996,-100,950,-600,-300,-200,4,4,4,4,4
84,33.566367864608765,0,0,-91,0,0,12068,-171,415,0,12059,378,207,4,12163,-103,0,0,12031,-200,0,0,12001,-100,950,-600,-300,-200,4,4,4,4,4
85,33.9656777381897,0,0,-91,0,0,12062,-172,398,0,11703,439,0,0,11831,-103,0,0,11924,-200,0,0,11992,-100,950,-600,-300,-200,4,4,4,4,4
86,34.36526036262512,0,0,-91,0,0,12055,-168,354,3,12035,434,567,-3,11666,-106,0,-2,11995,-200,0,0,11991,-100,950,-600,-300,-200,4,4,4,4,4
87,34.764527797698975,0,0,-91,0,0,12048,-87,271,4,12006,337,517,-4,11692,-196,100,-3,11958,-200,0,0,11939,-100,950,-600,-300,-200,4,4,4,4,4
88,35.163909673690796,0,0,-91,0,0,12021,16,114,4,11956,241,603,-3,11627,-292,38,0,11983,-200,0,0,11896,-100,950,-600,-300,-600,4,4,4,4,4
89,35.56464242935181,0,0,-91,0,0,12055,120,1,4,11968,144,528,-2,11597,-296,43,0,11975,-200,0,0,11973,-100,950,-600,-300,-600,4,4,4,4,4
90,35.96391725540161,0,0,-91,1,0,12027,222,76,3,11957,49,589,-2,11582,-296,94,0,11964,-200,0,0,11922,-100,950,-600,-300,-600,4,4,4,4,4
91,36.363176584243774,0,0,-92,3,0,12048,319,25,4,11961,-46,611,-3,11603,-296,121,0,11909,-200,0,0,11913,-100,950,-600,-300,-600,4,4,4,4,4
92,36.76260995864868,0,0,-91,0,0,12046,417,60,5,11982,-141,589,-3,11648,-296,107,0,11906,-200,0,0,11977,-100,950,-600,-300,-600,4,4,4,4,4
93,37.161983013153076,0,0,-92,0,0,12042,513,472,4,12029,-236,577,-3,11662,-296,29,0,11941,-200,0,0,11897,-100,950,-600,-300,-600,4,4,4,4,4
94,37.56129693984985,0,0,-91,0,0,12048,609,524,4,12002,-331,619,-3,11569,-296,66,0,11958,-200,0,0,11911,-100,950,-600,-300,-600,4,4,4,4,4
95,37.96129870414734,0,0,-91,0,0,12043,704,488,4,12020,-427,648,-3,11578,-296,11,0,11977,-200,1,0,11916,-100,950,-600,-300,-600,4,4,4,4,4
96,38.360135316848755,0,0,-91,0,0,12080,800,586,3,12012,-523,496,-3,11642,-296,126,0,11882,-200,0,0,11966,-100,950,-600,-300,-600,4,4,4,4,4
97,38.75949549674988,0,0,-92,0,0,12049,892,262,4,11930,-599,483,0,11643,-296,115,0,11989,-200,0,0,11979,-100,950,-600,-300,-600,4,4,4,4,4
98,39.15888547897339,0,0,-91,0,0,12046,956,673,0,11684,-599,498,0,11555,-297,13,0,11982,-200,0,0,11972,-100,950,-600,-300,-600,4,4,4,4,4
99,39.55950665473938,0,0,-91,0,0,12012,956,737,0,11783,-599,399,0,11418,-296,89,0,11953,-200,0,0,11963,-100,950,-600,-300,-600,4,4,4,4,4
100,39.95892810821533,-1,0,-91,0,0,12045,955,656,0,11887,-599,523,0,11432,-296,101,0,11948,-265,137,-3,11894,-100,950,-600,-300,-600,4,4,4,4,4
101,40.358322620391846,-1,0,-91,0,0,12042,956,666,0,11935,-599,553,0,11437,-296,86,0,11935,-363,153,-3,11920,-100,950,-600,-300,-600,4,4,4,4,4
102,40.75769805908203,-1,0,-92,1,0,12050,955,626,1,11918,-599,562,0,11473,-296,24,0,11905,-460,66,-3,11931,-100,950,-600,-300,-600,4,4,4,4,4
103,41.156989336013794,-1,0,-91,0,0,12055,955,607,0,11996,-599,633,0,11492,-296,89,0,11955,-556,60,-3,11933,-100,950,-600,-300,-600,4,4,4,4,4
104,41.55646276473999,-1,0,-91,2,0,12039,955,435,0,11954,-599,435,0,11440,-296,111,0,11966,-595,61,0,11950,-100,950,-600,-300,-600,4,4,4,4,4
105,41.95572519302368,-1,0,-92,0,0,12034,955,579,0,12032,-599,603,0,11516,-296,64,0,11961,-595,66,0,11936,-100,950,-600,-300,-600,4,4,4,4,4
106,42.35634112358093,-1,0,-91,0,0,12037,955,667,0,12060,-599,421,0,11535,-296,110,0,11943,-595,66,0,11948,-100,950,-600,-300,-600,4,4,4,4,4
107,42.755754470825195,-1,0,-91,0,0,12046,955,634,0,12065,-599,566,0,11515,-296,4,0,11975,-595,37,0,11907,-100,950,-600,-300,-600,4,4,4,4,4
108,43.155126094818115,-1,0,-91,0,0,12011,956,535,0,12037,-599,422,0,11484,-296,61,0,11971,-595,42,-1,11959,-100,450,-200,-300,-800,4,4,4,4,4
109,43.554487466812134,-1,0,-91,0,0,12051,921,697,-2,12013,-525,0,4,12025,-296,92,0,11927,-677,106,-2,11923,-100,450,-200,-300,-800,4,4,4,4,4
110,43.95405316352844,-1,0,-91,0,0,12025,830,750,-4,11988,-431,201,4,12084,-296,94,0,11879,-774,96,-3,11875,130,-364,239,-216,-277,4,4,4,4,4
111,44.35318398475647,-1,0,-91,0,0,12051,737,770,-3,12002,-335,22,4,11996,-297,90,0,11925,-802,0,0,11900,130,-364,239,-216,-277,4,4,4,4,4
112,44.752602338790894,-1,0,-91,0,0,12034,631,744,-3,11999,-240,340,4,12035,-296,49,0,11934,-802,0,0,11905,130,-364,239,-216,-277,4,4,4,4,4
113,45.15196442604065,-1,0,-91,10,0,11999,533,802,-3,11960,-200,413,0,11949,-296,115,0,11914,-802,0,0,11870,130,-364,239,-216,-277,4,4,4,4,4
114,45.551175355911255,-1,0,-91,0,0,12032,457,678,0,11877,-200,441,0,11759,-296,55,0,11911,-802,0,0,11904,130,-364,239,-216,-277,4,4,4,4,4
115,45.95199656486511,-1,0,-91,0,0,12037,458,604,0,11939,-200,622,0,11607,-296,52,0,11933,-802,0,0,11945,130,-364,239,-216,-277,4,4,4,4,4
116,46.35133457183838,-1,0,-91,0,0,12040,458,643,0,11966,-200,569,0,11601,-296,101,0,11939,-802,0,0,11877,130,-364,239,-216,-277,4,4,4,4,4
117,46.75074648857117,-1,0,-73,8,3,12034,409,784,-2,11959,-152,0,4,12008,-275,105,4,11879,-761,135,4,11916,130,-364,239,-216,-277,4,4,4,4,4
118,47.1501030921936,-1,0,-5,256,5,12019,312,724,-2,11889,-55,64,3,12053,-219,0,0,11983,-662,78,4,11930,130,-364,239,-216,-277,4,4,4,4,4
119,47.54948687553406,-1,0,96,130,4,11988,218,636,-4,11983,40,12,4,11997,-219,0,0,11927,-566,68,5,11919,130,-347,11,-478,-339,4,4,4,4,4
120,47.95005965232849,-1,0,124,135,0,11924,117,625,-4,11967,135,73,4,12046,-219,0,0,11952,-469,82,4,11917,130,-347,11,-478,-339,4,4,4,4,4
121,48.349451780319214,-1,0,124,125,0,12049,15,618,-3,11970,229,286,1,12109,-219,0,0,11979,-374,30,4,11940,130,-347,11,-478,-339,4,4,4,4,4
122,48.748799562454224,-1,0,124,57,0,12020,-82,580,-3,11949,239,453,0,11883,-219,0,0,11930,-281,88,0,11912,130,-347,11,-478,-339,4,4,4,4,4
123,49.148101568222046,-1,0,124,61,0,12053,-178,570,-3,11964,239,388,0,11787,-219,0,0,11985,-281,86,0,11975,130,-347,11,-478,-339,4,4,4,4,4
124,49.5475549697876,-1,0,124,56,0,12053,-283,521,-4,11966,239,569,1,11652,-219,0,0,11990,-281,89,0,11947,130,-347,11,-478,-339,4,4,4,4,4
125,49.94693183898926,-1,0,124,110,0,11993,-385,439,5,12023,236,413,0,11643,-219,1,0,11969,-281,47,0,12012,130,-347,11,-478,-339,4,4,4,4,4
126,50.34621214866638,-1,0,124,111,0,12031,-378,65,-1,12035,241,523,0,11604,-219,0,0,11983,-281,79,0,11936,130,-347,11,-478,-339,4,4,4,4,4
127,50.746968507766724,-1,0,124,86,0,12066,-378,423,0,12049,240,583,0,11464,-219,0,0,11950,-281,42,0,11980,130,-347,11,-478,-339,4,4,4,4,4
128,51.146350145339966,-1,0,124,53,0,12054,-384,164,3,11982,240,597,0,11419,-219,0,0,11992,-281,17,0,11985,130,-347,11,-478,-339,4,4,4,4,4
129,51.54568314552307,-1,0,124,112,0,12021,-378,289,0,12040,240,538,0,11572,-219,0,0,11963,-281,88,0,11952,130,-347,11,-478,-339,4,4,4,4,4
130,51.94506859779358,-1,0,124,79,0,12062,-376,297,0,12037,241,585,0,11604,-219,0,0,12000,-281,88,0,11971,130,-347,11,-478,-339,4,4,4,4,4
131,52.344443798065186,-1,0,124,82,0,12057,-379,381,0,12033,240,656,0,11642,-219,0,0,11983,-281,26,0,11994,130,-347,11,-478,-339,4,4,4,4,4
132,52.743778228759766,-1,0,124,54,0,12062,-384,88,2,12033,240,439,0,11444,-219,1,0,11988,-281,41,0,11982,130,-347,11,-478,-339,4,4,4,4,4
133,53.14318799972534,-1,0,124,81,0,12068,-377,379,0,12033,240,462,0,11577,-219,0,0,11952,-281,41,0,11982,130,-347,11,-478,-339,4,4,4,4,4
134,53.54386591911316,-1,0,124,64,0,12030,-367,110,3,11962,196,609,-2,11661,-257,78,-3,11888,-308,52,-2,11902,130,-347,11,-478,-339,4,4,4,4,4
135,53.943140745162964,-1,0,124,126,0,12047,-350,185,0,12016,100,582,-3,11514,-356,154,-3,11917,-333,20,0,11939,130,-347,11,-478,-339,4,4,4,4,4
136,54.34256291389465,-1,0,124,124,0,12031,-354,191,1,12024,8,545,0,11674,-457,98,-2,11931,-333,18,0,11989,130,450,100,-520,-600,4,4,4,4,4
137,54.74195122718811,-1,0,124,104,0,12058,-344,419,5,12055,20,456,4,12047,-500,0,-4,12016,-359,62,-2,11965,130,450,100,-520,-600,4,4,4,4,4
138,55.14144802093506,-1,0,124,93,0,12078,-238,179,3,12047,102,0,0,11714,-519,0,0,11955,-456,78,-5,11981,130,450,100,-520,-600,4,4,4,4,4
139,55.540834188461304,-1,0,124,119,0,12059,-143,247,4,11998,102,614,0,11600,-519,0,0,11984,-553,124,-5,11983,130,675,50,-640,-600,4,4,4,4,4
140,55.94145584106445,-1,0,124,55,0,12071,-44,42,4,12064,102,556,0,11597,-519,0,0,12018,-602,0,0,11995,130,675,50,-640,-600,4,4,4,4,4
141,56.340627908706665,-1,0,124,91,0,12069,59,0,4,12062,102,525,0,11589,-519,0,0,12021,-602,0,0,12018,130,675,50,-640,-600,4,4,4,4,4
142,56.74004793167114,-1,0,124,100,0,12064,156,0,4,12030,102,546,0,11580,-519,0,0,12000,-602,0,0,12004,130,675,50,-640,-600,4,4,4,4,4
143,57.13943934440613,-1,0,124,74,0,12066,255,254,4,12036,102,467,0,11574,-519,0,0,12014,-602,0,0,11943,130,675,50,-640,-600,4,4,4,4,4
144,57.538710832595825,-1,0,124,88,0,12062,353,252,4,12049,102,534,0,11572,-519,0,0,11949,-602,0,0,11968,130,675,50,-640,-600,4,4,4,4,4
145,57.938191175460815,-1,0,124,45,0,12059,458,398,0,12029,98,616,0,11578,-519,0,0,11963,-602,0,0,11933,130,675,50,-640,-600,4,4,4,4,4
146,58.337544441223145,-1,0,124,88,0,12057,464,643,0,11734,99,388,1,12122,-518,22,0,12005,-602,0,0,11931,130,675,50,-640,-600,4,4,4,4,4
147,58.7380850315094,-1,0,124,136,0,11990,463,573,0,11769,99,505,0,11416,-518,0,0,11982,-602,0,0,11955,130,675,50,-640,-600,4,4,4,4,4
148,59.137596130371094,-1,0,124,150,1,12031,501,368,3,12013,58,613,0,11665,-561,28,-3,11981,-602,0,0,11919,130,675,50,-640,-600,4,4,4,4,4
149,59.536957025527954,-1,0,124,70,0,12059,597,491,4,12038,49,522,0,11589,-640,92,0,11977,-602,0,0,11934,130,675,50,-640,-600,4,4,4,4,4
150,59.93628907203674,-1,0,124,102,0,12069,675,261,0,11978,47,460,0,12117,-640,60,0,11964,-602,0,0,11988,130,675,-20,-640,-200,4,4,4,4,4
151,60.335742473602295,-1,0,124,137,0,12054,675,579,0,11837,34,377,-4,12127,-640,31,0,11941,-592,0,4,11890,130,675,-20,-640,-200,4,4,4,4,4
152,60.73500919342041,1,0,124,45,0,12055,675,516,0,11842,-19,369,0,12055,-640,70,0,11983,-494,96,4,11955,130,675,-20,-640,-200,4,4,4,4,4
153,61.1344838142395,1,0,124,96,0,12047,675,503,1,11802,-19,386,0,11560,-640,90,0,11922,-399,87,4,11965,1700,-229,-24,-708,-200,4,4,4,4,4
154,61.53508472442627,1,0,124,124,0,11924,675,645,0,11892,-18,407,0,12048,-640,107,0,11975,-303,58,4,11954,1700,-229,-24,-708,-200,4,4,4,4,4
155,61.934322357177734,1,0,124,9,0,12046,675,600,1,11901,-19,420,0,11960,-640,94,0,11979,-220,56,0,11903,1700,-229,-24,-708,-200,4,4,4,4,4
156,62.333839893341064,1,0,124,117,0,12047,675,544,0,11874,-19,377,0,12066,-640,27,0,11874,-211,280,0,11839,1700,-229,-24,-708,-200,4,4,4,4,4
157,62.73315215110779,1,0,136,85,5,11973,675,617,-2,11663,-21,536,0,11518,-677,186,-3,11873,-212,645,0,11824,1700,-229,-24,-708,-200,4,4,4,4,4
158,63.13252019882202,1,0,241,254,4,12000,582,782,-3,11862,-20,511,0,11404,-706,39,0,11793,-212,217,0,11798,1700,-229,-24,-708,-200,4,4,4,4,4
159,63.531925678253174,1,0,335,134,5,11943,486,649,-3,11881,-20,690,0,11490,-706,63,0,11895,-212,146,0,11782,1700,-422,-178,-756,-200,4,4,4,4,4
160,63.93132185935974,1,0,430,132,4,12016,388,749,-2,11872,-20,688,0,11486,-706,57,0,11887,-212,170,0,11781,1700,-422,-178,-756,-200,4,4,4,4,4
161,64.33183455467224,1,0,526,123,4,11962,290,735,-2,11848,-20,608,0,11479,-706,4,0,11837,-212,127,0,11783,1700,-422,-178,-756,-200,4,4,4,4,4
162,64.73128747940063,1,0,622,181,4,11974,195,771,-4,11883,-20,559,0,11274,-706,8,0,11847,-212,189,0,11765,1700,-422,-178,-756,-200,4,4,4,4,4
163,65.13063526153564,1,0,717,213,4,11846,84,638,-4,11813,-20,615,0,11360,-706,104,0,11848,-212,248,0,11755,1700,-422,-178,-756,-200,4,4,4,4,4
164,65.52997636795044,1,0,813,146,4,11983,-27,461,-3,11852,-20,712,0,11401,-707,74,0,11893,-212,126,0,11862,1700,-422,-178,-756,-200,4,4,4,4,4
165,65.9306468963623,1,0,907,173,4,12000,-124,577,-4,11883,-20,656,0,11391,-707,109,0,11873,-212,178,0,11881,1700,-422,-178,-756,-200,4,4,4,4,4
166,66.33002042770386,1,0,1001,164,4,11990,-231,576,-3,11859,-20,607,0,11419,-711,132,0,11877,-212,184,0,11881,1700,-422,-178,-756,-200,4,4,4,4,4
167,66.72940945625305,1,0,1096,222,4,12035,-239,374,2,11996,-21,405,0,11587,-713,25,3,11950,-212,177,0,11910,1700,-422,-178,-756,-200,4,4,4,4,4
168,67.1287031173706,1,0,1192,223,4,12020,-234,152,0,12015,-21,501,0,11589,-708,0,0,11968,-212,210,0,11899,1700,-422,-178,-756,-200,4,4,4,4,4
169,67.52817678451538,1,0,1287,131,4,12005,-234,237,0,11945,-21,495,0,11576,-708,99,0,11985,-212,184,0,11899,1700,-422,-178,-756,-200,4,4,4,4,4
170,67.92754602432251,1,0,1382,185,4,12036,-234,247,0,12009,-21,541,0,11569,-708,95,0,11956,-212,173,0,11901,1700,-422,-178,-756,-200,4,4,4,4,4
171,68.32682943344116,1,0,1477,151,4,12027,-234,307,0,11963,-21,352,0,11594,-708,48,0,11961,-212,230,0,11838,1700,-422,-178,-756,-200,4,4,4,4,4
172,68.72751951217651,1,0,1574,188,3,12034,-234,429,0,11963,-21,333,0,11593,-708,106,0,11878,-212,161,0,11908,1700,-422,-178,-756,-200,4,4,4,4,4
173,69.12690019607544,1,0,1669,141,4,12029,-234,403,0,11942,-21,520,0,11523,-708,131,0,11932,-212,183,0,11897,1700,-422,-178,-756,-200,4,4,4,4,4
174,69.52618527412415,1,0,1696,128,0,11989,-257,395,-6,11810,-48,370,-4,11242,-745,12,-1,11890,-212,147,0,11827,1700,-422,-178,-756,-200,4,4,4,4,4
175,69.92563819885254,1,0,1696,148,0,12046,-364,220,-5,12018,-152,358,-7,11485,-764,40,0,11960,-212,230,0,11811,1700,-422,-178,-756,-200,4,4,4,4,4
176,70.32500171661377,1,0,1696,161,1,12051,-436,575,0,11588,-182,268,0,12130,-764,54,0,11864,-212,208,0,11863,1700,-143,314,-74,-200,4,4,4,4,4
177,70.72430801391602,1,0,1696,125,0,11882,-434,509,3,11661,-183,248,2,12110,-758,99,5,11937,-212,179,0,11911,1700,-143,314,-74,-200,4,4,4,4,4
178,71.12498831748962,1,0,1696,138,0,12057,-323,499,5,12053,-80,13,4,12152,-655,48,4,11982,-212,153,0,11933,1700,-143,314,-74,-200,4,4,4,4,4
179,71.5244209766388,1,0,1696,186,0,12043,-219,313,3,12047,30,0,4,12136,-555,49,4,12023,-212,202,0,11971,1700,-380,-141,-512,-200,4,4,4,4,4
180,71.92386174201965,1,0,1697,125,0,12011,-125,0,0,12048,129,144,3,12111,-456,82,3,11957,-212,191,0,11917,1700,-380,-141,-512,-200,4,4,4,4,4
181,72.3231635093689,1,0,1697,157,0,12046,-126,545,0,11940,219,310,4,12044,-362,2,3,11968,-212,183,0,11937,1700,-380,-141,-512,-200,4,4,4,4,4
182,72.7225513458252,1,0,1697,76,0,12057,-126,405,0,11812,317,395,0,12124,-266,129,5,11984,-212,175,0,11922,1700,-380,-141,-512,-200,4,4,4,4,4
183,73.12312412261963,1,0,1697,104,0,12047,-126,552,0,12005,320,650,0,11766,-169,114,3,11947,-212,132,0,11883,1700,-380,-141,-512,-200,4,4,4,4,4
184,73.5225019454956,1,0,1697,95,0,12033,-126,421,0,11754,320,588,0,11649,-71,137,0,11950,-212,212,0,11862,1700,-380,-141,-512,-200,4,4,4,4,4
185,73.92188477516174,1,0,1697,104,0,12041,-126,525,0,11855,320,580,0,11499,-66,22,0,11954,-212,202,0,11896,1700,-380,-141,-512,-200,4,4,4,4,4
186,74.32124471664429,1,0,1697,68,1,12019,-204,617,-3,11889,247,711,-2,11634,-146,82,-2,11848,-212,201,0,11835,1700,-380,-141,-512,-200,4,4,4,4,4
187,74.7206289768219,1,0,1697,120,0,12002,-300,628,-3,11879,150,630,-3,11595,-241,165,-4,11870,-212,149,0,11807,1700,-163,-81,-515,-200,4,4,4,4,4
188,75.12001466751099,1,0,1698,135,0,12012,-391,484,0,11918,47,577,-4,11512,-339,157,-3,11861,-212,155,0,11864,1700,-163,-81,-515,-200,4,4,4,4,4
189,75.51941227912903,1,0,1697,81,1,12037,-392,0,0,12007,-50,591,-3,11576,-437,53,-3,11900,-212,234,0,11886,1700,-163,-81,-515,-200,4,4,4,4,4
190,75.92005443572998,1,0,1697,180,0,12028,-395,93,1,12010,-149,592,0,11711,-517,168,0,11949,-212,164,0,11876,1700,-163,-81,-515,-200,4,4,4,4,4
191,76.31944441795349,1,0,1697,106,0,12077,-395,190,1,12041,-146,336,0,12043,-517,0,0,11965,-212,218,0,11939,1700,-163,-81,-515,-200,4,4,4,4,4
192,76.71875,1,0,1697,115,0,12040,-394,315,0,12026,-146,405,0,12130,-517,0,0,11952,-212,184,0,11933,1700,-163,-81,-515,-200,4,4,4,4,4
193,77.11811757087708,1,0,1697,104,1,12050,-394,330,0,12004,-146,284,0,12117,-517,0,0,11986,-212,181,0,11922,1700,-163,-81,-515,-200,4,4,4,4,4
194,77.51750826835632,1,0,1697,71,0,12047,-338,543,6,11680,-111,0,5,12118,-512,106,0,11974,-212,165,0,11904,1700,-163,-81,-515,-200,4,4,4,4,4
195,77.91680693626404,1,0,1697,70,0,12040,-240,82,5,11961,-77,622,0,11675,-510,93,0,11917,-212,149,0,11869,1700,-163,-81,-515,-200,4,4,4,4,4
196,78.31623339653015,1,0,1698,157,0,12014,-146,189,-1,12025,-76,631,0,11561,-510,18,0,11910,-212,241,0,11900,1700,600,400,-900,-200,4,4,4,4,4
197,78.7156240940094,1,0,1698,64,0,12048,-152,389,1,11809,-77,617,0,11554,-510,128,0,11935,-212,195,0,11924,1700,600,400,-900,-200,4,4,4,4,4
198,79.11619281768799,1,0,1698,123,0,12036,-150,426,1,11999,-77,678,5,11310,-515,153,-3,11948,-212,214,0,11891,1700,600,400,-900,-200,4,4,4,4,4
199,79.51562523841858,1,0,1698,145,0,11833,-69,165,4,12030,22,342,4,12123,-611,124,-3,11974,-212,163,0,11905,1700,600,400,-900,-200,4,4,4,4,4
200,79.91507482528687,1,0,1698,88,0,12059,42,0,5,12029,116,341,4,12116,-707,53,-3,11992,-212,217,0,11950,1700,600,400,-900,-600,4,4,4,4,4
201,80.31439757347107,1,0,1698,117,0,12067,140,220,4,12027,211,348,4,12129,-802,159,-3,11930,-212,165,0,11898,1700,600,400,-900,-600,4,4,4,4,4
202,80.71387553215027,1,0,1698,127,0,12055,235,256,4,12023,306,158,2,12110,-898,143,0,11979,-212,175,0,11903,1700,600,400,-900,-600,4,4,4,4,4
203,81.11300873756409,1,0,1698,127,0,12060,330,194,4,12040,389,0,0,12150,-899,34,0,12021,-212,199,0,11957,1700,600,400,-900,-600,4,4,4,4,4
204,81.51383090019226,1,0,1698,129,0,12062,427,122,4,12032,396,338,0,12129,-899,83,0,11836,-212,176,0,11935,1700,600,400,-900,-600,4,4,4,4,4
205,81.91314363479614,1,0,1698,159,0,12069,520,219,4,12028,395,369,0,12093,-899,91,0,12004,-212,187,0,11945,1700,600,400,-900,-600,4,4,4,4,4
206,82.312490940094,1,0,1698,152,0,12078,596,256,0,12070,384,229,0,12167,-906,0,0,12042,-212,184,0,11980,1700,600,400,-900,-600,4,4,4,4,4
207,82.71185398101807,1,0,1698,118,0,12068,597,148,0,12034,386,107,0,12124,-906,0,0,11994,-212,168,0,11926,1700,600,400,-900,-600,4,4,4,4,4
208,83.11116886138916,-1,0,1698,101,0,12074,598,148,0,12063,386,219,0,12104,-906,0,2,12041,-219,63,0,12009,1700,600,400,-900,-600,4,4,4,4,4
209,83.51078867912292,-1,0,1698,73,0,12069,600,281,0,12060,393,228,0,12150,-899,87,0,11987,-293,105,-3,11997,1700,600,400,-900,-600,4,4,4,4,4
210,83.91010594367981,-1,0,1698,118,0,12066,600,370,0,12041,393,216,0,12157,-899,6,0,11973,-391,66,-3,11969,1700,600,400,-900,-600,4,4,4,4,4
211,84.30949401855469,-1,0,1698,156,0,12055,600,287,0,12043,393,65,0,12138,-899,100,0,12019,-488,109,-3,11986,1700,600,400,-900,-600,4,4,4,4,4
212,84.71016836166382,-1,0,1698,100,0,12062,600,363,0,12039,393,176,0,12143,-899,79,0,12004,-583,101,0,12010,1700,600,400,-900,-600,4,4,4,4,4
213,85.10943651199341,-1,0,1698,106,0,12069,600,387,0,12041,393,67,0,12149,-899,22,0,12013,-592,57,0,11939,1700,600,400,-900,-600,4,4,4,4,4
214,85.5087583065033,-1,0,1698,117,0,12065,600,340,0,12038,393,0,0,12144,-899,94,0,12030,-592,42,0,11996,1700,600,400,-900,-600,4,4,4,4,4
215,85.90808510780334,-1,0,1698,157,0,12058,600,400,0,12037,393,185,0,12142,-899,65,0,12013,-592,66,0,11988,1700,0,600,-700,-600,4,4,4,4,4
216,86.307377576828,-1,0,1698,187,0,12028,542,622,-3,11809,459,273,3,12026,-851,78,4,11918,-592,110,0,11953,1700,0,600,-700,-600,4,4,4,4,4
217,86.70808339118958,-1,0,1698,162,0,12061,442,619,-2,11823,555,445,2,12115,-754,154,4,11955,-592,62,0,11957,-420,-360,-12,-30,-545,4,4,4,4,4
218,87.1074571609497,-1,0,1698,162,0,12058,341,566,-2,11772,594,0,1,12051,-704,0,0,12008,-592,51,0,11968,-420,-360,-12,-30,-545,4,4,4,4,4
219,87.50679349899292,-1,0,1698,156,0,12055,248,574,-3,11885,603,72,1,12124,-704,0,0,11986,-592,55,0,11969,-420,-360,-12,-30,-545,4,4,4,4,4
220,87.90622091293335,-1,0,1698,160,0,12073,152,547,-3,11913,604,294,0,12090,-704,0,0,11964,-592,99,0,11954,-420,-360,-12,-30,-545,4,4,4,4,4
221,88.30564045906067,-1,0,1698,67,0,12063,57,591,-3,11910,604,427,0,12135,-704,0,0,11995,-593,71,0,11972,-420,-360,-12,-30,-545,4,4,4,4,4
222,88.70505356788635,-1,0,1698,89,0,12055,-2,305,0,12035,605,254,0,12124,-704,0,0,11974,-593,28,0,12003,-420,-360,-12,-30,-545,4,4,4,4,4
223,89.10439896583557,-1,0,1698,168,0,12069,-1,389,0,12028,605,422,0,12141,-704,0,0,11994,-593,31,0,11988,-420,-360,-12,-30,-545,4,4,4,4,4
224,89.50509190559387,-1,0,1694,73,-1,12039,-41,624,-2,11849,563,598,-3,11906,-661,131,4,11929,-542,109,0,11907,-420,-360,-12,-30,-545,4,4,4,4,4
225,89.90433955192566,-1,0,1651,228,-3,12027,-136,496,-3,11862,469,646,-3,11782,-563,62,4,11888,-542,0,0,11933,-420,-360,-12,-30,-545,4,4,4,4,4
226,90.30378198623657,-1,0,1551,184,-3,12039,-233,604,-3,11874,383,469,-3,11656,-466,17,5,11861,-542,0,0,11910,-420,-219,100,-640,-250,4,4,4,4,4
227,90.70309972763062,-1,0,1454,118,-3,12034,-332,455,-3,11864,286,531,-4,11699,-371,48,4,11880,-542,0,1,11932,-420,-219,100,-640,-250,4,4,4,4,4
228,91.10264587402344,-1,0,1360,201,-3,11850,-362,43,0,11979,193,582,-4,11599,-275,19,4,11955,-543,0,0,11917,-420,-219,100,-640,-250,4,4,4,4,4
229,91.50182557106018,-1,0,1265,139,-4,12008,-363,79,0,12020,90,589,-4,11653,-179,41,4,11972,-543,0,0,11930,-420,-219,100,-640,-250,4,4,4,4,4
230,91.9011447429657,-1,0,1168,160,-2,12025,-364,68,-2,12021,-9,479,0,11700,-82,82,4,11900,-543,0,0,11966,-420,-219,100,-640,-250,4,4,4,4,4
231,92.30078983306885,-1,0,1073,201,-3,12075,-368,56,0,12048,-10,433,0,11948,-30,0,0,12036,-543,0,0,12009,-420,-219,100,-640,-250,4,4,4,4,4
232,92.70123219490051,-1,0,976,171,-3,12013,-369,0,0,12057,-11,520,1,11892,-29,0,0,12015,-543,0,0,12025,-420,-219,100,-640,-250,4,4,4,4,4
233,93.10066151618958,-1,0,880,168,-3,12056,-369,1,0,12047,-10,407,0,11620,-30,0,0,12025,-543,0,0,11997,-420,-219,100,-640,-250,4,4,4,4,4
234,93.49998211860657,-1,0,785,187,-3,12052,-369,2,0,12049,-10,335,0,11888,-29,0,0,12007,-543,0,0,12005,-420,-219,100,-640,-250,4,4,4,4,4
235,93.89944434165955,-1,0,690,166,-3,12045,-369,0,0,12054,-10,498,0,11610,-30,0,0,12025,-543,0,0,12016,-420,-219,100,-640,-250,4,4,4,4,4
236,94.29879856109619,-1,0,595,179,-3,12036,-369,0,0,12027,-10,468,0,11601,-29,0,0,12008,-543,0,0,12004,-420,-219,100,-640,-250,4,4,4,4,4
237,94.69955587387085,-1,0,499,199,-2,12021,-369,1,0,12056,-10,358,0,11928,-30,0,0,12028,-543,0,0,12016,-420,-219,100,-640,-250,4,4,4,4,4
238,95.09879469871521,-1,0,404,180,-2,12035,-369,0,0,12055,-10,462,0,11878,-29,0,1,12023,-543,0,0,11945,-420,-219,100,-640,-250,4,4,4,4,4
239,95.49806332588196,-1,0,308,174,-2,12027,-369,0,0,11990,-10,486,0,11875,-30,0,0,12025,-543,0,0,11965,-420,-219,100,-640,-250,4,4,4,4,4
240,95.8976399898529,-1,0,212,164,-3,12053,-369,1,0,12056,-10,477,0,11592,-29,0,1,12029,-543,0,0,12017,-420,-219,100,-640,-250,4,4,4,4,4
241,96.29685139656067,-1,0,118,186,-3,12025,-369,0,0,12005,-11,434,0,11595,-29,0,0,12012,-543,0,0,12010,-420,-219,100,-640,-250,4,4,4,4,4
242,96.69619369506836,-1,0,22,170,-3,12047,-369,0,0,12055,-10,364,0,11591,-29,0,0,12026,-543,0,0,12008,-420,-219,100,-640,-250,4,4,4,4,4
243,97.0955445766449,-1,0,-75,188,-3,12048,-369,0,0,12051,-10,492,0,11593,-30,0,1,12020,-543,0,0,12005,-420,-219,100,-640,-250,4,4,4,4,4
244,97.49623775482178,-1,0,-171,194,-3,12052,-369,0,0,12040,-10,494,0,11589,-30,0,0,12019,-543,0,0,12021,-420,-219,100,-640,-250,4,4,4,4,4
245,97.8956151008606,-1,0,-266,200,-3,12054,-369,0,0,12049,-10,495,0,11586,-30,0,0,12033,-543,0,0,12011,-420,-219,100,-640,-250,4,4,4,4,4
246,98.29502081871033,-1,0,-361,187,-3,12050,-369,0,0,12025,-11,502,0,11591,-30,0,0,11985,-543,0,0,12001,-420,-219,100,-640,-250,4,4,4,4,4
247,98.6943085193634,-1,0,-412,0,0,12062,-369,0,0,12060,-10,474,0,11880,-30,0,0,12026,-543,0,0,12026,-420,-219,100,-640,-250,4,4,4,4,4
248,99.09366655349731,-1,0,-412,0,0,12062,-369,0,0,12073,-10,349,0,11827,-29,0,0,12029,-543,0,0,12020,-420,-219,100,-640,-250,4,4,4,4,4
249,99.49431729316711,-1,0,-412,0,0,12059,-369,0,0,11987,-10,482,0,11992,-29,0,0,12024,-543,0,0,12022,-420,-219,100,-640,-250,4,4,4,4,4
250,99.89374876022339,-1,0,-412,0,0,12055,-309,475,4,12069,45,0,6,12156,-73,150,-3,12026,-476,87,4,12019,-420,-219,100,-640,-250,4,4,4,4,4
251,100.29299545288086,-1,0,-412,0,0,12049,-211,371,0,12023,102,545,0,11742,-169,114,-3,11900,-379,131,3,11995,-420,450,100,-520,-600,4,4,4,4,4
252,100.69244861602783,-1,0,-412,0,0,12047,-211,390,0,12032,102,605,0,11641,-266,128,-3,11964,-283,88,4,11894,-420,450,100,-520,-600,4,4,4,4,4
253,101.0918025970459,-1,0,-412,0,0,12049,-212,276,0,12029,102,485,0,11589,-365,103,-3,11969,-249,0,0,11925,-420,450,100,-520,-600,4,4,4,4,4
254,101.49242687225342,-1,0,-412,0,0,12055,-211,415,0,12032,102,614,0,11572,-461,108,-3,11982,-249,0,0,11965,-420,450,100,-520,-600,4,4,4,4,4
255,101.89179277420044,-1,0,-412,0,0,12049,-211,475,0,12046,102,481,0,11548,-560,62,-3,11970,-249,0,0,11955,-420,450,100,-520,-600,4,4,4,4,4
256,102.29125022888184,-1,0,-412,0,0,12052,-212,476,0,12036,102,541,0,11549,-637,82,0,11991,-250,0,0,11813,-420,450,100,-520,-600,4,4,4,4,4
257,102.69058108329773,-1,0,-412,0,0,12052,-211,456,0,12036,101,499,0,11548,-637,41,0,11989,-249,0,0,11972,-420,450,100,-520,-600,4,4,4,4,4
258,103.08991265296936,-1,0,-412,0,0,12056,-198,420,3,11977,101,577,0,11517,-620,0,4,11993,-272,0,-3,11925,-420,450,100,-520,-600,4,4,4,4,4
259,103.49067544937134,-1,0,-412,0,0,12020,-101,239,4,12030,101,531,0,11551,-524,122,0,11964,-370,57,-3,11946,-420,450,100,-520,-600,4,4,4,4,4
260,103.89004254341125,-1,0,-412,0,0,12037,5,179,4,12030,102,609,0,11579,-524,0,0,11987,-467,118,-3,11974,-420,675,50,-640,-600,4,4,4,4,4
261,104.28952026367188,-1,0,-412,0,0,12065,110,0,5,12036,101,484,0,11562,-524,0,0,12004,-563,114,-3,11969,-420,675,50,-640,-600,4,4,4,4,4
262,104.6886556148529,-1,0,-412,,0,12057,205,285,4,11958,102,543,0,11570,-524,0,0,11976,-595,35,0,11993,-420,675,50,-640,-600,4,4,4,4,4
263,105.07561945915222,-1,0,-412,0,0,12057,302,344,4,12038,101,537,0,11584,-524,0,0,12000,-595,18,0,11990,-420,675,50,-640,-600,4,4,4,4,4
264,105.47489285469055,-1,0,-412,0,0,12058,398,240,4,12029,101,547,0,11587,-524,0,0,12007,-595,41,0,11951,-420,675,50,-640,-600,4,4,4,4,4
265,105.87434267997742,-1,0,-412,0,0,12085,454,649,0,11541,99,408,0,11575,-524,0,0,11987,-595,110,0,11992,-420,675,50,-640,-600,4,4,4,4,4
266,106.27373099327087,-1,0,-412,0,0,12055,455,547,5,11642,93,422,-3,11323,-524,0,-1,11977,-595,31,0,11975,-420,675,50,-640,-600,4,4,4,4,4
267,106.6730420589447,-1,0,-412,0,0,12058,553,324,4,12043,48,368,0,12109,-604,91,-3,11982,-595,23,0,11984,-420,675,50,-640,-600,4,4,4,4,4
268,107.07241463661194,-1,0,-412,0,0,12056,647,257,4,12052,48,233,0,12121,-634,27,0,12012,-595,36,0,11968,-420,675,-20,-640,-200,4,4,4,4,4
269,107.47168564796448,-1,0,-412,1,0,12058,675,623,0,11701,47,428,0,12129,-634,49,0,12000,-596,0,0,11972,-420,675,-20,-640,-200,4,4,4,4,4
270,107.87118124961853,0,0,-412,0,0,12020,675,660,0,11721,-19,504,0,11640,-634,60,0,11965,-529,62,4,11917,-420,675,-20,-640,-200,4,4,4,4,4
271,108.27158069610596,0,0,-412,0,0,12020,675,649,0,11763,-19,395,0,11505,-634,109,0,11969,-433,99,4,11914,-1950,-363,-178,-166,-200,4,4,4,4,4
272,108.67112159729004,0,0,-412,0,0,12072,675,668,0,11772,-18,520,0,11519,-634,46,0,11977,-336,122,4,11941,-1950,-363,-178,-166,-200,4,4,4,4,4
273,109.07046723365784,0,0,-412,0,0,12032,675,465,0,11792,-18,453,0,11566,-634,45,0,11956,-239,141,4,11922,-1950,-363,-178,-166,-200,4,4,4,4,4
274,109.46988010406494,0,0,-412,0,0,11962,676,644,0,11814,-18,362,0,11554,-634,10,0,11997,-203,0,0,11973,-1950,-363,-178,-166,-200,4,4,4,4,4
275,109.8692557811737,0,0,-412,0,0,12045,675,532,0,11767,-20,525,-3,11568,-634,88,2,11971,-204,0,1,11973,-1950,-363,-178,-166,-200,4,4,4,4,4
276,110.2685375213623,0,0,-461,210,-5,12006,616,787,-4,11755,-116,409,-2,11585,-559,52,4,11866,-204,0,0,11857,-1950,-363,-178,-166,-200,4,4,4,4,4
277,110.66921925544739,0,0,-564,271,-3,11977,515,808,-3,11806,-178,422,0,11460,-463,23,4,11880,-204,0,1,11907,-1950,-381,392,-717,-200,4,4,4,4,4
278,111.06855249404907,0,0,-662,129,-3,12010,424,710,-4,11798,-177,372,0,11472,-364,13,4,11931,-204,0,0,11868,-1950,-381,392,-717,-200,4,4,4,4,4
279,111.46796011924744,0,0,-758,233,-3,11977,327,760,-4,11817,-177,368,0,11413,-269,4,4,11943,-204,0,0,11906,-1950,-381,392,-717,-200,4,4,4,4,4
280,111.86734676361084,0,0,-850,149,-4,12016,223,567,-3,11764,-177,458,0,11476,-174,85,0,11911,-204,0,0,11881,-1950,-381,392,-717,-200,4,4,4,4,4
281,112.26664209365845,0,0,-945,165,-3,11986,109,675,-3,11878,-177,464,0,11488,-169,0,0,11899,-204,0,0,11922,-1950,-381,392,-717,-200,4,4,4,4,4
282,112.66609764099121,0,0,-1042,241,-3,11864,7,604,-4,11858,-177,596,0,11565,-169,0,0,11978,-204,0,0,11921,-1950,-381,392,-717,-200,4,4,4,4,4
283,113.06549263000488,0,0,-1137,241,-3,12004,-95,632,-3,11921,-177,517,0,11578,-169,0,0,11956,-204,0,0,11969,-1950,-381,392,-717,-200,4,4,4,4,4
284,113.46611213684082,0,0,-1233,212,-2,12022,-196,466,-3,11924,-177,343,0,11580,-169,0,0,11999,-204,0,0,11961,-1950,-381,392,-717,-200,4,4,4,4,4
285,113.86550450325012,0,0,-1329,215,-3,12054,-295,437,-4,11954,-177,504,0,11584,-169,0,0,11977,-204,0,0,11978,-1950,-381,392,-717,-200,4,4,4,4,4
286,114.2648503780365,0,0,-1423,219,-3,12047,-381,236,2,11903,-184,562,0,11518,-175,0,0,12000,-204,0,0,11966,-1950,-381,392,-717,-200,4,4,4,4,4
287,114.66424250602722,0,0,-1517,204,-3,12037,-381,0,2,12045,-187,434,1,11566,-175,0,0,11998,-204,0,0,11983,-1950,-381,392,-717,-200,4,4,4,4,4
288,115.0636477470398,0,0,-1612,198,-2,12041,-379,0,1,11499,-181,510,0,12154,-169,0,0,11983,-204,0,0,12000,-1950,-381,392,-717,-200,4,4,4,4,4
289,115.46287751197815,0,0,-1708,187,-3,12045,-374,364,0,12035,-179,77,0,12120,-169,0,0,11986,-204,0,0,12001,-1950,-381,392,-717,-200,4,4,4,4,4
290,115.86233043670654,0,0,-1805,209,-3,12043,-379,336,0,12052,-180,398,1,11849,-169,0,0,11999,-204,0,0,12000,-1950,-381,392,-717,-200,4,4,4,4,4
291,116.2629406452179,0,0,-1900,232,-3,12052,-378,309,0,11999,-180,392,0,12139,-169,0,0,12016,-204,0,0,11961,-1950,-381,392,-717,-200,4,4,4,4,4
292,116.66234421730042,0,0,-1943,154,0,12051,-378,403,0,12054,-180,306,0,12140,-169,0,0,11982,-204,0,0,11968,-1950,-381,392,-717,-200,4,4,4,4,4
293,117.06172227859497,0,0,-1943,145,0,12016,-378,371,0,12055,-180,344,0,12146,-169,0,0,12011,-204,0,0,12004,-1950,-381,392,-717,-200,4,4,4,4,4
294,117.46105098724365,0,0,-1943,95,0,12051,-380,349,0,12059,-124,206,3,12150,-241,85,-3,12017,-204,0,0,12012,-1950,-381,392,-717,-200,4,4,4,4,4
295,117.86048460006714,0,0,-1943,133,0,12054,-379,380,0,12050,-23,91,4,12160,-337,73,-3,12026,-204,0,0,12023,-1950,-456,-17,-271,-200,4,4,4,4,4
296,118.26110005378723,0,0,-1943,150,0,12062,-379,180,0,12081,75,0,5,12176,-434,102,-3,12053,-204,0,0,12031,-1950,-456,-17,-271,-200,4,4,4,4,4
297,118.66043424606323,0,0,-1943,123,0,12061,-375,0,0,12079,180,0,4,12186,-531,86,-3,12029,-204,0,0,12031,-1950,-456,-17,-271,-200,4,4,4,4,4
298,119.05981802940369,0,0,-1943,109,0,12056,-373,181,0,12052,277,140,4,12162,-626,73,-3,12013,-204,0,0,12013,-1950,-456,-17,-271,-200,4,4,4,4,4
299,119.45919370651245,0,0,-1943,102,0,12050,-372,215,0,12051,372,243,4,12164,-716,70,1,12018,-204,0,0,12005,-1950,-456,-17,-271,-200,4,4,4,4,4
300,119.85856938362122,0,0,-1943,131,0,12029,-373,285,0,12038,395,534,0,12035,-715,0,0,11995,-204,0,0,11979,-1950,-456,-17,-271,-200,4,4,4,4,4
301,120.25792908668518,0,0,-1943,143,0,12030,-445,349,-3,11844,329,638,-3,11919,-662,7,4,11943,-204,0,0,11965,-1950,-456,-17,-271,-200,4,4,4,4,4
302,120.65849113464355,0,0,-1943,136,0,12047,-463,317,0,11963,230,578,-3,11856,-566,45,5,11987,-204,0,0,11988,-1950,1100,-900,-200,-200,4,4,4,4,4
303,121.05792737007141,0,0,-1943,98,0,12011,-463,87,0,11969,134,577,-4,11757,-469,31,4,11913,-204,0,0,11885,-1950,1100,-900,-200,-200,4,4,4,4,4
304,121.45729470252991,0,0,-1943,131,0,12041,-464,238,0,11971,36,515,-3,11703,-372,9,4,11916,-204,0,0,11939,-1950,1100,-900,-200,-200,4,4,4,4,4
305,121.85670876502991,0,0,-1943,68,0,12042,-464,415,0,12042,-19,306,0,12117,-276,60,0,11997,-204,0,0,11950,-1950,1100,-900,-200,-200,4,4,4,4,4
306,122.25609016418457,0,0,-1943,146,0,12057,-465,367,4,12050,-20,393,-4,12150,-274,0,4,11977,-204,0,0,11968,-1950,1100,-900,-200,-200,4,4,4,4,4
307,122.65542507171631,0,0,-1943,141,0,12035,-373,346,4,11641,-112,571,-3,11652,-200,36,1,11973,-204,0,0,11986,-1950,1100,-900,-200,-200,4,4,4,4,4
308,123.05608344078064,0,0,-1943,63,0,12045,-275,282,5,11773,-207,554,-3,11659,-200,0,0,11996,-204,0,0,11946,-1950,1100,-900,-200,-600,4,4,4,4,4
309,123.45544600486755,0,0,-1943,74,0,12052,-175,201,4,12029,-301,562,-2,11675,-199,0,0,11969,-204,0,0,11991,-1950,1100,-900,-200,-600,4,4,4,4,4
310,123.85479474067688,0,0,-1943,155,0,12043,-76,321,4,12039,-396,524,-3,11680,-200,0,0,11969,-204,0,0,11984,-1950,1100,-900,-200,-600,4,4,4,4,4
311,124.25430631637573,0,0,-1943,85,0,12046,18,70,4,12041,-491,518,-4,11674,-199,0,0,11939,-204,0,0,11976,-1950,1100,-900,-200,-600,4,4,4,4,4
312,124.65367984771729,0,0,-1943,139,0,12049,116,0,5,12045,-586,543,-3,11649,-199,0,0,11953,-204,0,0,11984,-1950,1100,-900,-200,-600,4,4,4,4,4
313,125.05302739143372,0,0,-1943,130,0,12055,223,0,4,11990,-682,513,-3,11674,-199,0,0,12016,-204,0,0,11951,-1950,1100,-900,-200,-600,4,4,4,4,4
314,125.45239782333374,0,0,-1943,92,0,12022,330,153,5,11974,-778,541,-3,11650,-199,0,0,11996,-204,0,0,11981,-1950,1100,-900,-200,-600,4,4,4,4,4
315,125.85292172431946,0,0,-1943,143,0,12061,428,105,4,11977,-873,570,-3,11698,-199,0,0,11952,-204,0,0,11999,-1950,1100,-900,-200,-600,4,4,4,4,4
316,126.2524139881134,0,0,-1943,128,0,12043,529,135,4,12044,-897,556,0,11559,-200,0,0,11954,-204,0,0,11987,-1950,1100,-900,-200,-600,4,4,4,4,4
317,126.65174531936646,0,0,-1943,107,0,12043,630,411,3,12029,-897,621,0,11418,-199,0,0,11979,-204,0,0,11976,-1950,1100,-900,-200,-600,4,4,4,4,4
318,127.05112528800964,0,0,-1943,161,0,12046,725,447,4,12040,-897,466,0,11407,-199,0,0,11988,-204,0,0,11944,-1950,1100,-900,-200,-600,4,4,4,4,4
319,127.4505500793457,0,0,-1943,126,0,11924,825,544,4,11922,-897,531,0,11421,-199,0,0,11994,-204,0,0,11965,-1950,1100,-900,-200,-600,4,4,4,4,4
320,127.84984540939331,0,0,-1943,150,0,11800,920,459,5,12033,-897,591,0,11458,-199,0,0,11993,-204,0,0,11966,-1950,1100,-900,-200,-600,4,4,4,4,4
321,128.2492241859436,0,0,-1943,156,0,12096,1014,374,4,11710,-897,509,0,11461,-199,0,0,11962,-204,0,0,11982,-1950,1100,-900,-200,-600,4,4,4,4,4
322,128.6486177444458,0,0,-1943,116,0,12048,1117,551,0,11647,-896,569,0,11488,-198,0,0,12021,-203,0,0,11944,-1950,1100,-900,-200,-600,4,4,4,4,4
323,129.04795742034912,0,0,-1943,180,0,11990,1118,570,0,11806,-897,589,0,11547,-198,0,0,11956,-203,0,-1,11963,-1950,1100,-900,-200,-600,4,4,4,4,4
324,129.44746208190918,-1,0,-1943,90,0,12043,1118,448,0,11813,-897,513,0,11597,-199,0,0,11968,-284,102,-3,11956,-1950,1100,-900,-200,-600,4,4,4,4,4
325,129.84689784049988,-1,0,-1943,98,0,12033,1118,652,0,11823,-897,387,0,11579,-198,0,0,11949,-382,42,-3,11933,-1950,1100,-900,-200,-600,4,4,4,4,4
326,130.24610447883606,-1,0,-1943,187,0,12036,1118,476,0,11839,-897,523,0,11519,-199,0,0,11952,-479,93,-3,11898,-1950,1100,-900,-200,-600,4,4,4,4,4
327,130.64564538002014,-1,0,-1943,94,0,12006,1118,583,0,11829,-897,568,0,11585,-199,0,0,11959,-575,51,-3,11943,-1950,1100,-900,-200,-600,4,4,4,4,4
328,131.04613876342773,-1,0,-1943,60,0,12046,1118,653,0,11849,-897,582,0,11584,-199,0,0,11985,-596,47,0,11962,-1950,1100,-900,-200,-600,4,4,4,4,4
329,131.44544959068298,-1,0,-1943,180,0,11995,1118,644,0,11844,-897,389,0,11564,-199,0,0,11925,-596,19,0,11963,-1950,1100,-900,-200,-600,4,4,4,4,4
330,131.84486031532288,-1,0,-1943,53,0,12033,1118,635,0,11840,-897,555,0,11499,-199,2,1,11908,-596,58,0,11933,-1950,1100,-900,-200,-600,4,4,4,4,4
331,132.2442684173584,-1,0,-1943,130,0,12048,1117,607,0,11864,-885,548,4,11577,-205,0,-3,11972,-596,29,0,11950,-1950,400,-400,-400,-600,4,4,4,4,4
332,132.64366960525513,-1,0,-1943,56,0,12009,1061,870,-4,11815,-788,172,4,11952,-294,53,-3,11896,-596,109,0,11894,-1950,400,-400,-400,-600,4,4,4,4,4
333,133.04297399520874,-1,0,-1943,54,0,11893,963,797,-3,11846,-693,3,4,12058,-393,159,0,11904,-597,79,0,11848,-1050,-446,335,-68,-151,4,4,4,4,4
334,133.44355010986328,-1,0,-1943,67,0,12038,863,748,-2,11871,-598,282,4,12016,-396,102,0,11929,-597,11,0,11847,-1050,-446,335,-68,-151,4,4,4,4,4
335,133.84300780296326,-1,0,-1943,80,0,12036,769,804,-3,11881,-503,6,4,12034,-396,13,0,11883,-597,81,0,11883,-1050,-446,335,-68,-151,4,4,4,4,4
336,134.24234080314636,-1,0,-1943,175,0,11948,672,829,-3,11876,-407,262,0,12011,-396,75,0,11892,-596,30,0,11894,-1050,-446,335,-68,-151,4,4,4,4,4
337,134.6416621208191,-1,0,-1943,56,0,11957,570,683,-4,11891,-399,472,0,11739,-396,69,0,11866,-596,4,0,11856,-1050,-446,335,-68,-151,4,4,4,4,4
338,135.04118657112122,-1,0,-1943,134,0,12032,470,634,-2,11889,-399,522,0,11627,-396,67,0,11880,-596,65,0,11860,-1050,-446,335,-68,-151,4,4,4,4,4
339,135.44068598747253,-1,0,-1943,56,0,11822,403,730,0,11917,-399,591,0,11599,-396,119,0,11951,-597,28,0,11942,-1050,-446,335,-68,-151,4,4,4,4,4
340,135.83979678153992,-1,0,-1943,174,0,12069,403,483,0,11915,-399,423,0,11587,-396,29,0,11981,-596,29,0,11930,-1050,-446,335,-68,-151,4,4,4,4,4
341,136.23921632766724,-1,0,-1939,0,1,12000,370,636,-4,11869,-339,85,4,12048,-363,43,4,11947,-555,79,4,11918,-1050,-446,335,-68,-151,4,4,4,4,4
342,136.6397361755371,-1,0,-1887,152,4,12018,254,686,-2,11927,-244,26,4,12078,-266,65,4,11903,-457,127,4,11931,-1050,-278,394,-67,-263,4,4,4,4,4
343,137.039302110672,-1,0,-1786,193,3,12030,153,657,-2,11915,-150,0,5,12047,-170,71,4,11929,-361,75,4,11902,-1050,-278,394,-67,-263,4,4,4,4,4
344,137.4385848045349,-1,0,-1690,150,4,12041,58,543,-3,11903,-54,0,5,12041,-74,77,0,11967,-265,39,4,11955,-1050,-278,394,-67,-263,4,4,4,4,4
345,137.83783531188965,-1,0,-1596,192,5,12029,-39,596,-3,11943,42,228,4,12116,-73,0,0,11975,-168,129,1,11921,-1050,-278,394,-67,-263,4,4,4,4,4
346,138.2373239994049,-1,0,-1500,192,5,12048,-140,597,-4,11938,138,282,3,12133,-72,0,0,11996,-156,0,0,11992,-1050,-278,394,-67,-263,4,4,4,4,4
347,138.63674139976501,-1,0,-1402,137,3,12048,-242,552,-3,11958,232,390,4,12143,-72,0,0,12001,-156,0,0,12004,-1050,-278,394,-67,-263,4,4,4,4,4
348,139.0360770225525,-1,0,-1307,194,4,12052,-340,510,-2,11941,328,217,0,12142,-73,0,0,12002,-156,0,0,11992,-1050,-278,394,-67,-263,4,4,4,4,4
349,139.43546724319458,-1,0,-1213,221,4,12046,-437,481,-3,11993,336,501,-1,11940,-72,0,0,11981,-156,0,0,11988,-1050,-278,394,-67,-263,4,4,4,4,4
350,139.836110830307,-1,0,-1118,184,4,12042,-458,410,0,12040,334,603,1,11794,-72,0,1,11992,-156,35,0,11975,-1050,-278,394,-67,-263,4,4,4,4,4
351,140.23544025421143,-1,0,-1058,165,0,12060,-457,0,0,12031,334,553,0,11533,-73,0,0,12012,-157,42,0,12002,-1050,-278,394,-67,-263,4,4,4,4,4
352,140.63499760627747,-1,0,-1058,0,0,12037,-457,100,0,11972,334,608,1,11479,-73,0,1,12014,-157,22,0,11964,-1050,-278,394,-67,-263,4,4,4,4,4
353,141.03413081169128,-1,0,-1058,2,0,12056,-413,298,5,12026,389,0,0,12141,-70,107,0,12021,-195,64,-3,12005,-1050,-278,394,-67,-263,4,4,4,4,4
354,141.43375873565674,-1,0,-1058,0,0,12051,-314,157,4,12041,396,667,0,11489,-69,0,0,11995,-258,117,0,11988,-1050,-278,394,-67,-263,4,4,4,4,4
355,141.83310174942017,-1,0,-1058,0,0,12018,-276,205,0,12028,396,507,0,11421,-69,0,0,12002,-258,0,0,11984,-1050,450,100,-520,-600,4,4,4,4,4
356,142.23220229148865,-1,0,-1058,0,0,12054,-262,421,3,12015,365,615,-2,11516,-74,0,-3,11979,-294,16,-3,11865,-1050,450,100,-520,-600,4,4,4,4,4
357,142.6318633556366,-1,0,-1058,0,0,12009,-169,108,4,12011,269,519,-3,11570,-167,83,-3,11870,-391,166,-3,11930,-1050,450,100,-520,-600,4,4,4,4,4
358,143.03122305870056,-1,0,-1058,0,0,11800,-68,57,4,11949,175,541,-3,11605,-263,35,-3,11930,-486,36,-3,11933,-1050,675,50,-640,-600,4,4,4,4,4
359,143.43060779571533,-1,0,-1058,0,0,12007,32,0,6,12031,99,584,0,11589,-361,14,-3,11949,-583,33,-2,11955,-1050,675,50,-640,-600,4,4,4,4,4
360,143.82982182502747,-1,0,-1058,0,0,12052,137,265,5,12030,99,583,0,11544,-457,72,-3,12003,-601,0,0,11921,-1050,675,50,-640,-600,4,4,4,4,4
361,144.23061752319336,-1,0,-1058,0,0,12024,234,108,5,11985,99,472,0,11545,-515,167,0,12004,-601,0,0,11941,-1050,675,50,-640,-600,4,4,4,4,4
362,144.6297812461853,-1,0,-1058,0,0,12060,330,423,4,12035,98,515,0,11563,-515,87,0,11985,-601,0,0,11981,-1050,675,50,-640,-600,4,4,4,4,4
363,145.02921175956726,-1,0,-1058,0,0,12057,426,138,5,12021,98,543,0,11570,-515,27,0,12012,-601,0,0,11949,-1050,675,50,-640,-600,4,4,4,4,4
364,145.42874217033386,-1,0,-1058,0,0,12110,453,513,5,11675,92,519,-3,11357,-517,81,-3,11979,-601,0,0,11979,-1050,675,50,-640,-600,4,4,4,4,4
365,145.8279106616974,-1,0,-1058,0,0,12059,551,300,5,12002,48,348,0,12129,-615,158,-3,11991,-601,0,0,11980,-1050,675,50,-640,-600,4,4,4,4,4
366,146.22728610038757,-1,0,-1058,0,0,12056,646,372,4,12050,48,340,0,12143,-639,25,0,12013,-601,0,0,11992,-1050,675,-20,-640,-200,4,4,4,4,4
367,146.6278772354126,-1,0,-1058,0,0,12056,676,567,0,11740,47,241,0,12137,-639,107,0,12002,-601,0,1,11986,-1050,675,-20,-640,-200,4,4,4,4,4
368,147.02729630470276,2,0,-1058,0,0,12041,677,629,0,11773,-20,530,0,11644,-639,42,0,11949,-537,105,4,11900,-1050,675,-20,-640,-200,4,4,4,4,4
369,147.42674779891968,2,0,-1058,0,0,12059,677,620,0,11808,-19,286,0,12117,-639,13,0,11958,-441,53,4,11965,-100,-480,369,-249,-200,4,4,4,4,4
370,147.8262939453125,2,0,-1058,0,0,12096,677,623,0,11825,-19,263,0,12115,-639,78,0,11988,-346,81,4,11922,-100,-480,369,-249,-200,4,4,4,4,4
371,148.2254376411438,2,0,-1058,0,0,12051,677,591,0,11834,-19,210,0,12107,-639,66,0,11967,-250,87,3,11956,-100,-480,369,-249,-200,4,4,4,4,4
372,148.62475442886353,2,0,-1058,0,0,12045,677,558,0,11839,-19,325,0,11555,-639,54,0,11964,-216,207,1,11898,-100,-480,369,-249,-200,4,4,4,4,4
373,149.02424311637878,2,0,-1058,0,0,12025,677,462,0,11783,-18,546,1,11474,-639,6,2,11777,-211,453,0,11725,-100,-480,369,-249,-200,4,4,4,4,4
374,149.42359519004822,2,0,-1039,311,4,11985,613,673,-3,11812,52,88,5,11964,-558,37,4,11703,-214,172,0,11852,-100,-480,369,-249,-200,4,4,4,4,4
375,149.82397770881653,2,0,-925,279,5,12014,515,747,-4,11782,150,8,4,12039,-458,115,4,11871,-214,172,0,11852,-100,-348,-38,-94,-200,4,4,4,4,4
376,150.2234947681427,2,0,-830,262,4,12029,418,731,-3,11846,249,286,4,12084,-357,71,3,11938,-214,200,0,11866,-100,-348,-38,-94,-200,4,4,4,4,4
377,150.62278246879578,2,0,-728,191,4,12015,326,749,-3,11852,349,53,4,12080,-261,76,2,11947,-214,194,0,11896,-100,-348,-38,-94,-200,4,4,4,4,4
378,151.02235341072083,2,0,-627,263,4,11896,260,738,-4,11783,371,552,0,11910,-246,108,0,11877,-214,215,0,11826,-100,-348,-38,-94,-200,4,4,4,4,4
379,151.42158198356628,2,0,-532,215,4,11828,161,880,-4,11768,372,407,0,11787,-246,17,1,11752,-214,181,1,11824,-100,-348,-38,-94,-200,4,4,4,4,4
380,151.82095408439636,2,0,-435,152,4,11951,64,835,-5,11819,372,650,0,11560,-246,118,0,11872,-214,148,0,11767,-100,-348,-38,-94,-200,4,4,4,4,4
381,152.22047019004822,2,0,-342,230,4,12007,-33,778,-3,11827,372,605,0,11548,-246,116,0,11828,-214,163,0,11801,-100,-348,-38,-94,-200,4,4,4,4,4
382,152.62111806869507,2,0,-247,232,4,11936,-141,802,-4,11866,373,501,0,11481,-246,7,0,11816,-214,179,0,11833,-100,-348,-38,-94,-200,4,4,4,4,4
383,153.0204782485962,2,0,-151,122,4,12025,-248,656,-3,11877,373,666,0,11488,-246,69,0,11846,-214,159,0,11831,-100,-348,-38,-94,-200,4,4,4,4,4
384,153.41986107826233,2,0,-107,123,0,12038,-363,719,-3,11906,374,426,0,11492,-246,44,0,11925,-213,174,0,11847,-100,-348,-38,-94,-200,4,4,4,4,4
385,153.81920194625854,2,0,-107,59,0,12042,-467,444,-2,11910,375,530,0,11302,-246,34,0,11926,-214,222,0,11826,-100,-348,-38,-94,-200,4,4,4,4,4
386,154.21844959259033,2,0,-107,80,0,12037,-484,464,0,11925,374,584,0,11333,-246,31,0,11927,-214,224,0,11802,-100,-348,-38,-94,-200,4,4,4,4,4
387,154.61787819862366,2,0,-107,124,0,12030,-433,0,6,11844,372,803,-2,11289,-171,1,5,11871,-214,227,0,11828,-100,-348,-38,-94,-200,4,4,4,4,4
388,155.0172574520111,2,0,-107,54,0,12007,-346,372,0,11447,284,1014,-4,11275,-89,8,0,11741,-214,213,0,11735,-100,700,0,-650,-200,4,4,4,4,4
389,155.41659998893738,2,0,-107,117,0,11985,-346,634,0,11585,165,759,-1,11407,-89,172,0,11764,-214,145,0,11725,-100,700,0,-650,-200,4,4,4,4,4
390,155.81725764274597,2,0,-107,47,0,12004,-346,572,0,11687,72,957,-5,11310,-89,191,0,11779,-214,208,0,11756,-100,700,0,-650,-200,4,4,4,4,4
391,156.2166450023651,2,0,-107,50,0,11981,-347,517,0,11732,-32,802,0,11416,-90,50,0,11734,-214,133,0,11728,-100,700,0,-650,-200,4,4,4,4,4
392,156.6160364151001,2,0,-107,181,0,12029,-349,405,2,11743,-32,741,0,11465,-90,102,-4,11828,-214,184,0,11830,-100,700,0,-650,-200,4,4,4,4,4
393,157.01543927192688,2,0,-107,85,0,12050,-266,0,5,11937,-4,495,0,11520,-186,91,-3,11858,-214,161,0,11903,-100,700,0,-650,-200,4,4,4,4,4
394,157.41479873657227,2,0,-107,38,0,12037,-159,445,4,11990,-4,622,0,11524,-282,263,-3,11871,-214,60,0,11845,-100,700,0,-650,-600,4,4,4,4,4
395,157.81426644325256,2,0,-107,129,0,12057,-60,237,5,11993,-4,523,0,11499,-377,115,-3,11901,-214,220,0,11852,-100,700,0,-650,-600,4,4,4,4,4
396,158.21346807479858,2,0,-107,187,0,12019,36,608,3,11745,-4,657,0,11496,-473,231,-3,11857,-214,120,0,11799,-100,700,0,-650,-600,4,4,4,4,4
397,158.6141984462738,2,0,-107,139,0,12003,130,591,4,11593,-4,627,0,11422,-571,181,-4,11868,-214,200,0,11831,-100,700,0,-650,-600,4,4,4,4,4
398,159.01356649398804,2,0,-107,94,0,12002,229,471,5,11762,-4,494,0,11508,-651,145,0,11893,-214,203,0,11863,-100,700,0,-650,-600,4,4,4,4,4
399,159.41292548179626,2,0,-107,176,0,12041,328,595,4,11699,-4,680,0,11514,-650,236,0,11838,-214,194,0,11807,-100,700,0,-650,-600,4,4,4,4,4
400,159.81225991249084,2,0,-107,93,0,12047,425,515,3,11783,-4,678,0,11439,-650,164,1,11834,-214,203,0,11852,-100,700,0,-650,-600,4,4,4,4,4
401,160.2115318775177,2,0,-107,69,0,11999,520,704,4,11776,-5,472,0,11473,-651,202,0,11837,-214,169,0,11870,-100,700,0,-650,-600,4,4,4,4,4
402,160.61104774475098,2,0,-107,189,0,12021,612,717,5,11748,-6,700,0,11505,-651,195,0,11857,-214,136,0,11809,-100,700,0,-650,-600,4,4,4,4,4
403,161.0104432106018,2,0,-107,41,0,12057,691,675,0,12006,-13,600,0,11602,-662,34,0,11934,-214,139,0,11907,-100,700,0,-650,-600,4,4,4,4,4
404,161.41101002693176,2,0,-107,124,0,12050,697,335,0,12030,-17,179,0,12147,-662,0,0,12014,-214,195,0,11963,-100,700,0,-650,-600,4,4,4,4,4
405,161.81044960021973,2,0,-107,82,0,12066,697,382,0,11977,-17,242,0,12123,-662,0,0,12011,-214,184,0,11921,-100,700,0,-650,-600,4,4,4,4,4
406,162.2097384929657,-1,0,-107,147,0,12068,697,340,0,11990,-18,195,0,12161,-659,0,0,12031,-223,0,-1,12012,-100,700,0,-650,-600,4,4,4,4,4
407,162.6092677116394,-1,0,-107,127,0,12059,701,500,0,11815,-14,363,0,12132,-655,113,0,11976,-308,80,-3,11931,-100,700,0,-650,-600,4,4,4,4,4
408,163.00862622261047,-1,0,-107,107,0,12066,701,544,0,11899,-14,423,0,12128,-655,82,0,11972,-405,111,-3,11974,-100,700,0,-650,-600,4,4,4,4,4
409,163.40786957740784,-1,0,-107,104,0,12065,701,519,0,11907,-14,399,0,12110,-655,17,0,11982,-501,54,-3,11964,-100,700,0,-650,-600,4,4,4,4,4
410,163.80866193771362,-1,0,-107,101,0,12057,701,523,0,11909,-14,282,0,12127,-655,31,0,11997,-593,55,0,11962,-100,700,0,-650,-600,4,4,4,4,4
411,164.20782375335693,-1,0,-107,142,0,11950,701,538,0,11914,-14,327,0,12124,-655,94,0,12004,-591,94,0,11994,-100,700,0,-650,-600,4,4,4,4,4
412,164.60721349716187,-1,0,-107,146,0,12055,701,533,0,11918,-14,341,0,12127,-655,69,0,12001,-591,44,0,11981,-100,700,0,-650,-600,4,4,4,4,4
413,165.00663113594055,-1,0,-107,138,0,12057,701,521,0,11927,-14,334,1,12119,-655,32,0,11992,-591,48,0,11985,-100,-600,300,-650,-600,4,4,4,4,4
414,165.40598821640015,-1,0,-107,47,0,12054,652,704,-4,11906,56,7,5,12071,-655,53,0,11907,-591,35,0,11939,-100,-600,300,-650,-600,4,4,4,4,4
415,165.80538129806519,-1,0,-107,70,0,12060,549,643,-3,11935,151,254,4,12029,-655,62,0,11938,-591,51,0,11922,-1670,-170,17,-787,-648,4,4,4,4,4
416,166.20480394363403,-1,0,-107,45,0,12055,452,517,-4,11921,247,244,4,12115,-655,69,0,11954,-591,45,0,11931,-1670,-170,17,-787,-648,4,4,4,4,4
417,166.60527396202087,-1,0,-107,115,0,12065,355,609,-3,11904,300,167,0,12051,-655,36,0,11922,-591,94,0,11924,-1670,-170,17,-787,-648,4,4,4,4,4
418,167.00474739074707,-1,0,-107,125,0,12052,253,669,-3,11908,301,428,0,12104,-655,105,0,11965,-592,98,0,11921,-1670,-170,17,-787,-648,4,4,4,4,4
419,167.40415954589844,-1,0,-107,44,0,12043,149,668,-3,11911,301,281,0,12035,-655,60,0,11935,-592,64,0,11925,-1670,-170,17,-787,-648,4,4,4,4,4
420,167.80358362197876,-1,0,-107,177,0,12060,48,556,-3,11901,302,580,0,11704,-655,94,0,11933,-592,86,0,11928,-1670,-170,17,-787,-648,4,4,4,4,4
421,168.202898979187,-1,0,-107,47,0,12043,-49,566,-4,11912,302,547,0,11548,-655,86,0,11969,-592,50,0,11949,-1670,-170,17,-787,-648,4,4,4,4,4
422,168.602543592453,-1,0,-107,148,0,12055,-147,592,-3,11942,302,412,0,11426,-655,89,0,11975,-592,57,0,11948,-1670,-170,17,-787,-648,4,4,4,4,4
423,169.00161409378052,-1,0,-107,126,0,12027,-246,548,-3,11941,302,560,0,11450,-655,57,0,11933,-592,54,0,11950,-1670,-170,17,-787,-648,4,4,4,4,4
424,169.40099430084229,-1,0,-107,135,0,12060,-343,464,-3,11935,302,561,0,11451,-655,88,0,11981,-591,63,0,11975,-1670,-170,17,-787,-648,4,4,4,4,4
425,169.80036067962646,-1,0,-107,148,0,12059,-444,380,-4,12030,302,507,0,11443,-655,100,0,11991,-591,89,0,11990,-1670,-170,17,-787,-648,4,4,4,4,4
426,170.19973134994507,-1,0,-107,84,0,12058,-539,276,-4,11966,302,580,0,11482,-655,60,0,11999,-591,53,0,11968,-1670,-170,17,-787,-648,4,4,4,4,4
427,170.60044074058533,-1,0,-107,91,0,12065,-610,394,-1,11538,303,489,0,12132,-655,10,0,12008,-591,63,0,11966,-1670,-170,17,-787,-648,4,4,4,4,4
428,171.00021839141846,-1,0,-107,62,0,12057,-613,123,0,12053,302,474,0,11980,-655,60,0,11969,-591,65,0,11965,-1670,-170,17,-787,-648,4,4,4,4,4
429,171.39909768104553,-1,0,-107,129,0,12063,-614,383,0,11972,302,461,0,11608,-661,0,0,11958,-591,68,0,11976,-1670,-170,17,-787,-648,4,4,4,4,4
430,171.79844498634338,-1,0,-107,90,0,12065,-614,392,1,12049,302,439,0,11561,-661,0,0,11961,-591,52,0,11951,-1670,-170,17,-787,-648,4,4,4,4,4
431,172.19796085357666,-1,0,-128,84,0,12049,-533,533,3,11684,220,517,-3,11610,-734,66,-3,11949,-643,81,0,11936,-1670,-170,17,-787,-648,4,4,4,4,4
432,172.59720420837402,-1,0,-196,150,-3,12034,-436,540,4,11733,125,565,-3,11687,-785,0,0,11982,-643,0,0,11969,-1670,-314,-29,-385,-707,4,4,4,4,4
433,172.9977307319641,-1,0,-293,220,-3,12049,-337,328,4,11727,30,558,0,11571,-785,0,0,12001,-643,0,0,11987,-1670,-314,-29,-385,-707,4,4,4,4,4
434,173.39719605445862,-1,0,-390,217,-3,12008,-235,364,4,12034,17,515,0,11454,-781,0,0,12006,-643,0,0,11996,-1670,-314,-29,-385,-707,4,4,4,4,4
435,173.79665279388428,-1,0,-484,190,-4,12049,-157,232,0,12036,18,456,0,11572,-786,0,2,11964,-644,0,0,11942,-1670,-314,-29,-385,-707,4,4,4,4,4
436,174.1959798336029,-1,0,-580,209,-3,12017,-158,379,0,12039,18,509,0,11607,-782,0,0,12009,-643,0,0,11986,-1670,-314,-29,-385,-707,4,4,4,4,4
437,174.5966579914093,-1,0,-675,215,-3,12043,-158,393,0,12038,18,427,0,11615,-782,61,0,12000,-644,0,1,11986,-1670,-314,-29,-385,-707,4,4,4,4,4
438,174.99594473838806,-1,0,-771,147,-2,12042,-158,279,0,12034,18,491,0,11609,-782,35,0,11969,-644,0,0,11983,-1670,-314,-29,-385,-707,4,4,4,4,4
439,175.3953104019165,-1,0,-867,139,-4,11994,-158,384,0,12042,18,489,0,11598,-782,107,0,12010,-644,0,0,11961,-1670,-314,-29,-385,-707,4,4,4,4,4
440,175.79477310180664,-1,0,-961,215,-3,12038,-158,438,0,12040,18,428,0,11620,-782,133,0,12007,-644,0,1,11985,-1670,-314,-29,-385,-707,4,4,4,4,4
441,176.19402980804443,-1,0,-1058,159,-3,12045,-158,244,0,12036,18,527,0,11601,-782,72,0,11993,-644,0,0,11948,-1670,-314,-29,-385,-707,4,4,4,4,4
442,176.59351229667664,-1,0,-1153,213,-3,12047,-158,265,0,12035,18,520,0,11614,-782,102,0,12008,-643,0,0,11974,-1670,-314,-29,-385,-707,4,4,4,4,4
443,176.99414038658142,-1,0,-1246,236,-3,12018,-158,264,0,11957,18,333,0,11551,-782,68,0,11992,-644,0,0,11932,-1670,-314,-29,-385,-707,4,4,4,4,4
444,177.39351320266724,-1,0,-1342,166,-3,12041,-158,418,0,12014,18,495,0,11611,-782,17,0,11943,-643,0,0,11971,-1670,-314,-29,-385,-707,4,4,4,4,4
445,177.792866230011,-1,0,-1437,201,-3,12011,-158,250,0,12041,18,427,0,11616,-782,81,0,12005,-644,0,0,11975,-1670,-314,-29,-385,-707,4,4,4,4,4
446,178.1921854019165,-1,0,-1532,230,-3,12044,-158,328,0,11967,18,471,0,11613,-782,62,0,12002,-644,0,0,11952,-1670,-314,-29,-385,-707,4,4,4,4,4
447,178.59155368804932,-1,0,-1629,227,-3,12046,-158,414,0,12034,18,453,0,11596,-782,17,0,11993,-644,0,0,11990,-1670,-314,-29,-385,-707,4,4,4,4,4
448,178.9910020828247,-1,0,-1661,1,0,12057,-158,376,0,12032,18,467,0,11617,-782,51,0,12015,-644,0,0,11996,-1670,-314,-29,-385,-707,4,4,4,4,4
449,179.39026927947998,-1,0,-1661,0,0,11890,-158,376,0,12030,18,478,0,11640,-782,14,0,11954,-643,0,1,11986,-1670,-314,-29,-385,-707,4,4,4,4,4
450,179.791011095047,-1,0,-1661,0,0,12055,-181,426,-5,11833,-4,499,-5,11532,-775,128,3,11921,-680,38,-4,11855,-1670,-314,-29,-385,-707,4,4,4,4,4
451,180.19032216072083,-1,0,-1661,0,0,12065,-283,364,-6,11875,-30,499,0,11592,-688,36,4,11911,-708,0,0,11955,-1670,-314,-29,-385,-707,4,4,4,4,4
452,180.58972668647766,-1,0,-1661,0,0,12057,-317,354,0,12069,-30,171,0,11862,-587,74,4,11996,-708,0,0,12011,-1670,450,100,-520,-600,4,4,4,4,4
453,180.98906898498535,-1,0,-1661,0,0,12056,-322,218,0,12062,-30,346,0,11603,-491,44,4,12016,-708,0,0,12009,-1670,450,100,-520,-600,4,4,4,4,4
454,181.38844537734985,-1,0,-1661,0,0,12063,-318,80,0,12041,-30,470,0,11612,-393,104,0,12001,-708,0,0,12005,-1670,450,100,-520,-600,4,4,4,4,4
455,181.78779077529907,-1,0,-1661,0,0,12058,-317,0,0,12047,-30,440,0,11638,-389,0,0,11959,-708,0,0,12013,-1670,450,100,-520,-600,4,4,4,4,4
456,182.18852019309998,-1,0,-1661,3,0,12063,-289,226,7,12073,18,0,4,12161,-432,110,-3,12027,-669,103,4,12002,-1670,450,100,-520,-600,4,4,4,4,4
457,182.5877754688263,-1,0,-1661,0,0,11951,-174,0,4,12065,102,329,0,12165,-516,181,0,11997,-604,124,0,11957,-1670,450,100,-520,-600,4,4,4,4,4
458,182.98719787597656,-1,0,-1661,0,0,12058,-77,79,4,12018,102,608,0,11662,-516,110,0,12009,-604,0,0,11981,-1670,675,50,-640,-600,4,4,4,4,4
459,183.38663721084595,-1,0,-1661,0,0,12064,21,0,5,12022,103,563,0,11622,-516,22,0,12016,-604,0,0,12014,-1670,675,50,-640,-600,4,4,4,4,4
460,183.78582668304443,-1,0,-1661,0,0,12058,120,268,5,11984,102,601,0,11590,-516,12,0,12018,-604,0,0,11997,-1670,675,50,-640,-600,4,4,4,4,4
461,184.1853425502777,-1,0,-1661,0,0,12060,221,222,3,12041,102,600,0,11581,-516,46,0,12019,-604,0,0,11994,-1670,675,50,-640,-600,4,4,4,4,4
462,184.58471822738647,-1,0,-1661,0,0,12029,319,230,3,12044,102,581,0,11570,-516,20,0,11966,-604,0,0,11969,-1670,675,50,-640,-600,4,4,4,4,4
463,184.9841570854187,-1,0,-1661,0,0,12060,414,138,4,12036,102,594,0,11581,-516,81,0,11998,-604,0,0,11982,-1670,675,50,-640,-600,4,4,4,4,4
464,185.3835141658783,-1,0,-1661,0,0,12017,456,586,0,11644,99,582,0,12138,-516,124,0,11988,-604,0,0,11986,-1670,675,50,-640,-600,4,4,4,4,4
465,185.78399014472961,-1,0,-1661,0,0,12054,456,578,6,11651,98,528,-4,11417,-519,107,-4,11985,-604,0,0,11972,-1670,675,50,-640,-600,4,4,4,4,4
466,186.18348145484924,-1,0,-1661,4,0,12056,553,430,4,12044,48,378,0,12136,-617,86,-3,11992,-604,2,0,12007,-1670,675,50,-640,-600,4,4,4,4,4
467,186.58286142349243,-1,0,-1661,1,0,12060,646,368,4,12052,48,251,0,12140,-640,81,0,11986,-604,0,0,11965,-1670,675,-20,-640,-200,4,4,4,4,4
468,186.98214888572693,-1,0,-1661,0,0,12104,676,523,0,11698,48,261,0,12132,-640,82,0,11966,-603,0,0,12010,-1670,675,-20,-640,-200,4,4,4,4,4
469,187.38155150413513,-1,0,-1661,4,0,12056,676,582,0,11771,48,423,0,12136,-640,44,0,11972,-603,0,0,11983,-1670,675,-20,-640,-200,4,4,4,4,4
470,187.78098702430725,0,0,-1661,0,0,12026,676,460,0,11779,1,636,-3,11671,-640,97,0,11980,-550,60,4,11936,-1670,675,-20,-640,-200,4,4,4,4,4
471,188.18033266067505,0,0,-1661,0,0,12048,677,634,0,11836,-18,541,0,12112,-640,45,0,11974,-453,79,3,11953,-1670,675,-20,-640,-200,4,4,4,4,4
472,188.58093190193176,0,0,-1661,0,0,12051,677,632,0,11851,-19,279,0,12103,-640,82,0,11994,-357,54,4,11957,-700,-93,-14,-682,-200,4,4,4,4,4
473,188.9802143573761,0,0,-1661,0,0,12043,677,631,0,11866,-19,348,0,12123,-640,6,0,11917,-262,43,4,11953,-700,-93,-14,-682,-200,4,4,4,4,4
474,189.37964725494385,0,0,-1661,0,0,12049,677,617,0,11890,-19,388,0,12128,-640,36,0,11972,-201,94,0,11965,-700,-93,-14,-682,-200,4,4,4,4,4
475,189.77904438972473,0,0,-1661,10,0,12053,677,565,0,11894,-19,309,0,12076,-640,30,0,11968,-201,0,0,11990,-700,-93,-14,-682,-200,4,4,4,4,4
476,190.17833709716797,0,0,-1635,71,2,11965,631,736,-3,11837,-14,188,0,12022,-681,118,0,11919,-201,0,0,11901,-700,-93,-14,-682,-200,4,4,4,4,4
477,190.5777769088745,0,0,-1556,282,4,11941,535,615,-3,11880,-13,271,0,12015,-681,45,0,11885,-201,0,0,11893,-700,-375,-7,-90,-200,4,4,4,4,4
478,190.97848987579346,0,0,-1459,238,5,11958,444,679,-5,11856,-12,482,0,11458,-681,71,0,11886,-201,0,0,11914,-700,-375,-7,-90,-200,4,4,4,4,4
479,191.37781596183777,0,0,-1364,138,4,11950,348,728,-4,11878,-12,422,0,11384,-681,5,0,11881,-201,0,0,11867,-700,-375,-7,-90,-200,4,4,4,4,4
480,191.77719235420227,0,0,-1267,140,4,12015,242,688,-3,11876,-12,437,0,11307,-681,3,0,11900,-201,0,0,11894,-700,-375,-7,-90,-200,4,4,4,4,4
481,192.17651462554932,0,0,-1174,109,4,12024,132,628,-2,11891,-11,444,0,11399,-682,84,0,11949,-201,0,0,11931,-700,-375,-7,-90,-200,4,4,4,4,4
482,192.57578659057617,0,0,-1080,212,4,11856,38,548,-4,11908,-11,636,0,11413,-682,19,0,11959,-201,0,0,11914,-700,-375,-7,-90,-200,4,4,4,4,4
483,192.97517371177673,0,0,-982,121,3,12038,-63,586,-4,11923,-11,647,1,11445,-682,78,0,11971,-202,0,0,11941,-700,-375,-7,-90,-200,4,4,4,4,4
484,193.3753650188446,0,0,-885,206,3,12065,-97,410,0,11883,-12,544,0,11482,-682,97,0,12003,-201,0,0,11987,-700,-375,-7,-90,-200,4,4,4,4,4
485,193.77518701553345,0,0,-790,245,4,12034,-97,370,0,11966,-11,605,1,11510,-682,75,0,11986,-201,34,0,11979,-700,-375,-7,-90,-200,4,4,4,4,4
486,194.17444491386414,0,0,-708,166,0,12023,-97,229,0,12028,-12,614,0,11518,-682,60,0,11963,-201,1,0,11982,-700,-375,-7,-90,-200,4,4,4,4,4
487,194.57410669326782,0,0,-708,107,0,12064,-97,391,1,12036,-12,542,0,11526,-682,9,0,11988,-201,0,0,11987,-700,-375,-7,-90,-200,4,4,4,4,4
488,194.97323083877563,0,0,-708,132,0,12017,-166,635,-2,11900,-8,525,0,11636,-643,13,4,11924,-201,48,0,11954,-700,-375,-7,-90,-200,4,4,4,4,4
489,195.37277626991272,0,0,-708,139,0,12044,-262,478,-3,11927,-8,570,0,11600,-545,34,4,11934,-201,9,0,11983,-700,-13,-76,-632,-200,4,4,4,4,4
490,195.7720911502838,0,0,-708,135,0,12064,-363,322,-5,12014,-8,535,0,11642,-449,113,4,11985,-202,0,1,11978,-700,-13,-76,-632,-200,4,4,4,4,4
491,196.1728711128235,0,0,-708,57,0,12036,-379,442,-1,12024,-8,364,0,12134,-350,51,4,11957,-201,0,0,11938,-700,-13,-76,-632,-200,4,4,4,4,4
492,196.57263708114624,0,0,-708,101,0,12073,-380,319,0,12042,-9,351,0,11723,-254,128,4,12023,-202,81,0,12020,-700,-13,-76,-632,-200,4,4,4,4,4
493,196.97128295898438,0,0,-708,89,0,12069,-385,85,0,12044,-9,358,0,12138,-157,55,4,12024,-202,18,0,12009,-700,-13,-76,-632,-200,4,4,4,4,4
494,197.3709557056427,0,0,-708,91,0,12073,-385,200,0,12051,-9,377,0,12140,-95,71,0,12018,-202,47,1,12013,-700,-13,-76,-632,-200,4,4,4,4,4
495,197.77018785476685,0,0,-708,141,0,12077,-385,158,0,12044,-9,395,0,12157,-95,0,0,11953,-201,87,1,12004,-700,-13,-76,-632,-200,4,4,4,4,4
496,198.16958165168762,0,0,-708,106,0,12074,-385,155,0,12040,-9,540,0,12147,-95,0,0,12024,-201,35,1,12008,-700,-13,-76,-632,-200,4,4,4,4,4
497,198.5689959526062,0,0,-708,39,0,12081,-372,201,4,11975,-28,375,-2,11459,-97,0,-2,11980,-202,70,0,11896,-700,-13,-76,-632,-200,4,4,4,4,4
498,198.96824431419373,0,0,-708,81,0,12065,-275,250,2,12065,-77,334,0,12118,-190,83,-3,11950,-202,52,1,11985,-700,-13,-76,-632,-200,4,4,4,4,4
499,199.3677191734314,0,0,-708,51,0,12060,-173,72,4,12028,-77,564,0,11574,-285,116,-3,11985,-202,62,1,11954,-700,-53,263,-563,-200,4,4,4,4,4
500,199.76826858520508,0,0,-708,68,0,12072,-76,199,4,11976,-77,514,0,11566,-381,74,-3,11931,-202,95,0,11985,-700,-53,263,-563,-200,4,4,4,4,4
501,200.1677451133728,0,0,-708,93,0,12060,-3,476,0,11597,-77,542,0,11528,-478,78,-2,11961,-202,40,0,11969,-700,-53,263,-563,-200,4,4,4,4,4
502,200.56709599494934,0,0,-708,93,0,12049,-3,431,0,11695,-77,559,0,11574,-575,112,-2,11971,-202,42,1,11847,-700,-53,263,-563,-200,4,4,4,4,4
503,200.96655869483948,0,0,-708,129,0,12059,-2,368,0,11743,-77,474,0,11579,-627,49,0,11934,-201,74,0,11939,-700,-53,263,-563,-200,4,4,4,4,4
504,201.36580562591553,0,0,-708,100,0,12060,-9,540,-3,11745,-62,382,3,11515,-625,54,3,11979,-202,34,1,11993,-700,-53,263,-563,-200,4,4,4,4,4
505,201.76516890525818,0,0,-708,103,0,12071,-55,337,0,11834,32,0,5,12125,-566,92,0,11997,-202,54,0,11968,-700,-53,263,-563,-200,4,4,4,4,4
506,202.16468334197998,0,0,-708,95,0,12069,-54,487,0,11858,128,15,4,12151,-566,0,0,12007,-202,69,0,12008,-700,-93,106,-369,-200,4,4,4,4,4
507,202.5640103816986,0,0,-708,69,0,12065,-54,497,0,11881,224,296,4,12148,-566,0,0,12015,-202,98,0,11965,-700,-93,106,-369,-200,4,4,4,4,4
508,202.96338319778442,0,0,-708,128,0,12068,-54,555,0,12015,263,559,0,11797,-567,0,0,11984,-202,48,0,11979,-700,-93,106,-369,-200,4,4,4,4,4
509,203.36263847351074,0,0,-708,90,0,12073,-54,562,0,11865,264,573,0,11678,-566,0,0,12011,-202,89,0,11970,-700,-93,106,-369,-200,4,4,4,4,4
510,203.763338804245,0,0,-708,135,0,12032,-84,552,0,11766,231,459,-5,11564,-531,119,3,11908,-202,79,0,11878,-700,-93,106,-369,-200,4,4,4,4,4
511,204.16271495819092,0,0,-708,99,0,11918,-94,530,0,11866,134,574,-4,11560,-437,12,4,11903,-202,34,0,11870,-700,-93,106,-369,-200,4,4,4,4,4
512,204.56234121322632,0,0,-708,85,0,12066,-94,547,0,11755,106,601,0,11445,-369,12,0,11907,-202,69,0,11974,-700,-282,263,-629,-200,4,4,4,4,4
513,204.96146416664124,0,0,-708,137,0,12071,-101,470,-3,11886,119,615,3,11424,-373,0,-3,11994,-201,29,0,11975,-700,-282,263,-629,-200,4,4,4,4,4
514,205.36080861091614,0,0,-708,40,0,12068,-202,591,-3,11942,215,101,4,12113,-468,163,-3,11986,-202,44,0,11986,-700,-282,263,-629,-200,4,4,4,4,4
515,205.7602972984314,0,0,-708,102,0,12064,-293,426,1,11922,264,377,0,11637,-568,149,-2,11988,-202,99,0,11930,-700,650,350,-900,-200,4,4,4,4,4
516,206.1608109474182,0,0,-708,91,0,12067,-285,256,0,12017,264,610,0,11450,-626,128,0,11973,-202,49,0,11975,-700,650,350,-900,-200,4,4,4,4,4
517,206.56024169921875,0,0,-708,97,0,12069,-285,400,0,12021,264,563,0,11429,-626,11,0,11986,-202,74,0,11972,-700,650,350,-900,-200,4,4,4,4,4
518,206.95950746536255,0,0,-708,113,0,12077,-247,157,4,12038,322,0,5,12154,-688,76,-3,11982,-202,75,0,12018,-700,650,350,-900,-200,4,4,4,4,4
519,207.35898113250732,0,0,-708,112,0,12041,-147,254,3,11965,351,524,0,11597,-784,147,-3,11916,-201,38,0,11986,-700,650,350,-900,-600,4,4,4,4,4
520,207.7583601474762,0,0,-708,71,0,12070,-48,255,4,12041,350,474,0,11574,-880,46,-3,11962,-201,38,0,11998,-700,650,350,-900,-600,4,4,4,4,4
521,208.15871906280518,0,0,-708,56,0,12069,52,126,5,12028,350,537,0,11576,-900,44,0,11854,-202,34,0,11985,-700,650,350,-900,-600,4,4,4,4,4
522,208.5570957660675,0,0,-708,68,0,12066,151,80,5,12038,350,454,0,11578,-900,50,0,12006,-202,34,0,12005,-700,650,350,-900,-600,4,4,4,4,4
523,208.95651865005493,0,0,-708,56,0,12074,252,146,4,12030,349,554,0,11577,-900,86,0,12007,-202,48,0,11968,-700,650,350,-900,-600,4,4,4,4,4
524,209.35710525512695,0,0,-708,69,0,12065,348,124,3,12038,348,568,0,11751,-900,26,0,11931,-202,40,0,11996,-700,650,350,-900,-600,4,4,4,4,4
525,209.75651097297668,0,0,-708,94,0,12071,444,222,4,12034,348,372,0,12139,-900,113,0,12012,-201,26,0,12003,-700,650,350,-900,-600,4,4,4,4,4
526,210.15572881698608,0,0,-708,82,0,12071,539,164,3,12047,346,386,0,12144,-900,71,0,12016,-202,67,0,11989,-700,650,350,-900,-600,4,4,4,4,4
527,210.55520701408386,0,0,-708,97,0,12073,634,182,4,12049,345,130,0,12144,-900,41,0,12026,-201,80,0,11993,-700,650,350,-900,-600,4,4,4,4,4
528,210.95462846755981,0,0,-708,91,0,12077,652,543,0,11659,344,155,0,12147,-905,0,0,12022,-199,0,0,12016,-700,650,350,-900,-600,4,4,4,4,4
529,211.35414457321167,-1,0,-708,59,0,12070,653,482,0,11711,337,0,0,12131,-901,0,0,12014,-271,75,-2,11985,-700,650,350,-900,-600,4,4,4,4,4
530,211.75475072860718,-1,0,-708,47,0,12072,653,474,0,11787,338,151,0,12071,-900,111,0,11986,-370,75,-3,11977,-700,650,350,-900,-600,4,4,4,4,4
531,212.15409064292908,-1,0,-708,140,0,11995,653,501,0,11837,339,173,0,12102,-900,71,0,12020,-466,99,-3,11993,-700,650,350,-900,-600,4,4,4,4,4
532,212.55354475975037,-1,0,-708,62,0,12073,653,490,0,11847,345,0,0,12123,-900,74,0,12009,-563,69,-3,11933,-700,650,350,-900,-600,4,4,4,4,4
533,212.95290803909302,-1,0,-708,120,0,12074,653,524,0,11856,344,210,0,12138,-900,26,0,12003,-597,57,0,11969,-700,650,350,-900,-600,4,4,4,4,4
534,213.35206365585327,-1,0,-708,104,0,12078,653,449,0,11875,344,279,0,12146,-900,95,0,12005,-596,23,0,11939,-700,650,350,-900,-600,4,4,4,4,4
535,213.75143432617188,-1,0,-708,80,0,12033,653,432,0,11785,344,58,0,12069,-900,96,0,12024,-596,82,0,12000,-700,650,350,-900,-600,4,4,4,4,4
536,214.15086936950684,-1,0,-708,71,0,12068,653,402,-1,11898,345,60,3,12156,-900,68,0,12012,-597,76,0,11996,-700,350,500,-900,-600,4,4,4,4,4
537,214.55140280723572,-1,0,-708,32,0,12058,558,453,-3,11900,431,420,5,12126,-900,50,0,11944,-596,8,0,11886,-700,350,500,-900,-600,4,4,4,4,4
538,214.95084023475647,-1,0,-708,163,0,11924,460,683,-3,11928,498,327,0,12077,-900,79,0,12015,-596,68,0,12007,-2240,-375,108,-541,-92,4,4,4,4,4
539,215.35023427009583,-1,0,-708,56,0,12068,367,669,-1,11939,501,223,0,12123,-900,39,0,11961,-596,59,0,11955,-2240,-375,108,-541,-92,4,4,4,4,4
540,215.74956059455872,-1,0,-708,41,0,12074,351,476,0,11886,502,110,0,12153,-900,69,0,12016,-596,85,0,11963,-2240,-375,108,-541,-92,4,4,4,4,4
541,216.14896750450134,-1,0,-715,2,-1,12056,304,646,-2,11936,450,435,-2,12072,-869,47,4,11977,-561,118,4,11938,-2240,-375,108,-541,-92,4,4,4,4,4
542,216.54946184158325,-1,0,-771,258,-4,12019,216,554,-4,11864,356,590,-3,11921,-771,102,4,11929,-463,29,5,11873,-2240,-375,108,-541,-92,4,4,4,4,4
543,216.94900941848755,-1,0,-871,142,-3,12021,119,620,-3,11820,269,617,-3,11846,-677,68,5,11929,-367,124,4,11922,-2240,-183,-150,-464,-360,4,4,4,4,4
544,217.3483862876892,-1,0,-967,202,-3,12026,20,672,-3,11906,181,454,-3,11711,-581,69,4,11925,-271,92,3,11858,-2240,-183,-150,-464,-360,4,4,4,4,4
545,217.74765968322754,-1,0,-1062,149,-3,12017,-83,562,-3,11842,114,477,0,11685,-545,0,0,11922,-174,104,5,11949,-2240,-183,-150,-464,-360,4,4,4,4,4
546,218.14704656600952,-1,0,-1158,206,-3,12010,-177,605,-3,11932,115,630,0,11605,-545,0,0,11952,-97,103,0,11897,-2240,-183,-150,-464,-360,4,4,4,4,4
547,218.54645586013794,-1,0,-1251,203,-2,12041,-278,590,-3,11889,115,451,0,11573,-546,0,0,11931,-97,0,0,11966,-2240,-183,-150,-464,-360,4,4,4,4,4
548,218.94704508781433,-1,0,-1345,220,-3,12011,-383,490,1,12020,114,543,0,11575,-546,0,0,11984,-97,0,0,11918,-2240,-183,-150,-464,-360,4,4,4,4,4
549,219.3464698791504,-1,0,-1440,134,-4,12048,-380,0,0,11988,112,553,0,11596,-545,0,0,11969,-97,0,0,12003,-2240,-183,-150,-464,-360,4,4,4,4,4
550,219.74572253227234,-1,0,-1536,206,-3,11856,-386,0,0,12044,112,541,0,11584,-545,0,0,12018,-97,0,0,11977,-2240,-183,-150,-464,-360,4,4,4,4,4
551,220.14516592025757,-1,0,-1632,169,-3,12071,-386,100,0,12003,112,534,0,11585,-546,0,1,12017,-97,0,0,11983,-2240,-183,-150,-464,-360,4,4,4,4,4
552,220.54460406303406,-1,0,-1728,226,-3,12052,-386,217,0,12044,112,486,0,11556,-546,0,0,11989,-97,0,0,11986,-2240,-183,-150,-464,-360,4,4,4,4,4
553,220.94385957717896,-1,0,-1823,185,-3,12050,-386,246,0,12038,112,485,0,11571,-545,0,0,12011,-97,0,0,12007,-2240,-183,-150,-464,-360,4,4,4,4,4
554,221.34324264526367,-1,0,-1917,177,-3,12077,-386,162,0,12015,112,553,0,11578,-546,0,0,12005,-97,0,0,11970,-2240,-183,-150,-464,-360,4,4,4,4,4
555,221.74280071258545,-1,0,-2014,164,-3,12022,-386,135,0,12038,112,547,0,11584,-546,0,0,12011,-97,0,0,11950,-2240,-183,-150,-464,-360,4,4,4,4,4
556,222.14271593093872,-1,0,-2110,160,-3,12069,-386,104,0,11986,112,547,0,11521,-546,0,0,12020,-97,0,0,12001,-2240,-183,-150,-464,-360,4,4,4,4,4
557,222.54129791259766,-1,0,-2207,229,-3,12026,-386,76,0,12040,112,467,0,11583,-546,0,0,11990,-97,0,0,11999,-2240,-183,-150,-464,-360,4,4,4,4,4
558,222.9426233768463,-1,0,-2232,0,0,12064,-386,99,0,11985,112,535,0,11590,-546,0,0,12010,-97,0,0,11973,-2240,-183,-150,-464,-360,4,4,4,4,4
559,223.3414089679718,-1,0,-2232,0,0,12060,-386,106,0,11978,112,482,0,11589,-546,0,0,12013,-97,0,0,11985,-2240,-183,-150,-464,-360,4,4,4,4,4
560,223.7405858039856,-1,0,-2232,0,0,11839,-386,93,4,12044,112,529,-4,11597,-545,0,4,12024,-98,0,-2,12015,-2240,-183,-150,-464,-360,4,4,4,4,4
561,224.1401765346527,-1,0,-2232,0,0,12022,-287,271,4,11972,18,586,-3,11633,-464,57,0,11960,-182,88,-3,11928,-2240,-183,-150,-464,-360,4,4,4,4,4
562,224.5396864414215,-1,0,-2232,0,0,12022,-193,416,2,12019,-79,500,-1,11625,-465,0,0,11941,-278,123,-3,11929,-2240,450,100,-520,-600,4,4,4,4,4
563,224.94018268585205,-1,0,-2232,1,0,12054,-176,407,0,12052,-151,529,0,11426,-464,0,0,11997,-357,40,0,12011,-2240,450,100,-520,-600,4,4,4,4,4
564,225.33949327468872,-1,0,-2232,0,0,12056,-175,426,0,11996,-151,620,0,11785,-465,0,0,12013,-357,0,0,11978,-2240,450,100,-520,-600,4,4,4,4,4
565,225.73899793624878,-1,0,-2232,0,0,12068,-149,0,4,12066,-110,0,5,12169,-495,128,-3,12023,-409,118,-3,11877,-2240,450,100,-520,-600,4,4,4,4,4
566,226.13838386535645,-1,0,-2232,0,0,12061,-43,141,4,12054,-9,198,4,12160,-515,52,0,12028,-504,87,-2,12005,-2240,450,100,-520,-600,4,4,4,4,4
567,226.5386643409729,-1,0,-2232,0,0,12061,64,0,5,12068,86,160,2,12182,-515,90,0,12041,-601,61,0,12026,-2240,675,50,-640,-600,4,4,4,4,4
568,226.93693709373474,-1,0,-2232,0,0,12063,161,0,4,12044,101,484,0,11787,-515,37,0,12009,-600,0,0,12004,-2240,675,50,-640,-600,4,4,4,4,4
569,227.3377001285553,-1,0,-2232,0,0,12057,257,172,4,12038,101,508,0,11681,-515,45,0,11996,-601,1,0,11991,-2240,675,50,-640,-600,4,4,4,4,4
570,227.73709201812744,-1,0,-2232,0,0,12062,353,448,4,12035,100,544,0,11642,-515,81,0,11984,-601,0,0,11953,-2240,675,50,-640,-600,4,4,4,4,4
571,228.13637948036194,-1,0,-2232,0,0,12011,454,418,0,12027,99,620,0,11455,-515,113,0,11998,-601,0,0,11984,-2240,675,50,-640,-600,4,4,4,4,4
572,228.5356469154358,-1,0,-2232,0,0,12056,455,648,0,11733,99,517,1,12125,-515,3,0,11950,-600,0,0,11952,-2240,675,50,-640,-600,4,4,4,4,4
573,228.93510675430298,-1,0,-2232,0,0,12057,472,539,5,11775,71,329,-1,11528,-539,52,-3,11968,-600,0,0,11976,-2240,675,50,-640,-600,4,4,4,4,4
574,229.33447098731995,-1,0,-2232,0,0,12036,568,295,4,12010,48,418,0,12054,-634,132,0,12005,-600,0,0,12001,-2240,675,50,-640,-600,4,4,4,4,4
575,229.73388838768005,-1,0,-2232,1,0,12019,664,408,0,12040,47,388,0,12144,-640,70,0,11994,-600,0,1,11974,-2240,675,-20,-640,-200,4,4,4,4,4
576,230.134507894516,-1,0,-2232,4,0,12059,675,482,0,11786,48,313,-3,12139,-640,109,0,11997,-600,0,2,11971,-2240,675,-20,-640,-200,4,4,4,4,4
577,230.5339412689209,0,0,-2232,0,0,12044,675,631,0,11820,-20,598,0,12113,-640,1,0,11970,-520,25,4,11939,-2240,675,-20,-640,-200,4,4,4,4,4
578,230.93310570716858,0,0,-2232,0,0,12027,675,592,0,11835,-20,329,0,12114,-640,79,0,11997,-422,142,5,11954,-1300,-166,-133,-243,-200,4,4,4,4,4
579,231.3326334953308,0,0,-2232,0,0,12052,675,609,0,11789,-20,341,0,12125,-640,15,0,11980,-326,117,4,11966,-1300,-166,-133,-243,-200,4,4,4,4,4
580,231.7320032119751,0,0,-2232,0,0,12055,675,543,0,11794,-20,288,0,12112,-640,78,0,11979,-230,108,4,11926,-1300,-166,-133,-243,-200,4,4,4,4,4
581,232.1335096359253,0,0,-2232,0,0,12057,675,630,0,11883,-20,424,0,12130,-640,81,0,11961,-204,0,0,11987,-1300,-166,-133,-243,-200,4,4,4,4,4
582,232.53205132484436,0,0,-2229,0,2,12057,675,629,-2,11892,-38,274,-2,11585,-635,75,3,11935,-204,0,0,11866,-1300,-166,-133,-243,-200,4,4,4,4,4
583,232.93129968643188,0,0,-2184,104,4,11977,601,749,-5,11834,-133,432,0,11606,-546,84,4,11819,-204,0,0,11917,-1300,-166,-133,-243,-200,4,4,4,4,4
584,233.33077836036682,0,0,-2081,162,4,11954,501,759,-3,11838,-131,489,0,11550,-450,38,4,11896,-204,0,0,11902,-1300,-86,-148,-521,-200,4,4,4,4,4
585,233.73022770881653,0,0,-1987,218,4,11961,402,820,-3,11860,-131,618,0,11464,-351,97,3,11950,-204,0,0,11921,-1300,-86,-148,-521,-200,4,4,4,4,4
586,234.13086915016174,0,0,-1892,166,4,12011,306,743,-4,11859,-131,379,0,11467,-256,118,0,11927,-204,0,0,11829,-1300,-86,-148,-521,-200,4,4,4,4,4
587,234.5301194190979,0,0,-1797,156,4,11938,209,666,-3,11857,-131,412,0,11538,-248,0,0,11936,-204,0,0,11902,-1300,-86,-148,-521,-200,4,4,4,4,4
588,234.9295723438263,0,0,-1701,134,4,12041,97,621,-4,11895,-131,595,0,11528,-247,0,0,11955,-204,4,0,11910,-1300,-86,-148,-521,-200,4,4,4,4,4
589,235.32900190353394,0,0,-1606,203,4,12037,-8,616,-4,11910,-131,590,0,11530,-248,0,0,11916,-204,0,0,11960,-1300,-86,-148,-521,-200,4,4,4,4,4
590,235.72827100753784,0,0,-1512,166,4,12032,-109,588,-3,11892,-131,376,0,11543,-248,0,0,11999,-204,0,0,11969,-1300,-86,-148,-521,-200,4,4,4,4,4
591,236.12883114814758,0,0,-1414,216,5,12049,-168,482,0,12046,-130,501,0,12149,-247,0,0,12039,-204,0,0,12016,-1300,-86,-148,-521,-200,4,4,4,4,4
592,236.52818870544434,0,0,-1319,197,1,12036,-173,234,1,11726,-131,393,0,11422,-248,0,0,11951,-204,0,0,11983,-1300,-86,-148,-521,-200,4,4,4,4,4
593,236.9275200366974,0,0,-1307,98,0,12063,-171,399,0,12037,-131,526,0,11432,-248,0,0,11991,-204,0,0,11944,-1300,-86,-148,-521,-200,4,4,4,4,4
594,237.32687854766846,0,0,-1307,127,0,12054,-165,313,2,12035,-147,608,0,11449,-250,0,-2,12004,-204,0,0,11999,-1300,-86,-148,-521,-200,4,4,4,4,4
595,237.72624492645264,0,0,-1307,45,0,12065,-84,137,0,12037,-147,541,0,11572,-338,158,-4,12004,-204,0,0,11980,-1300,-86,-148,-521,-200,4,4,4,4,4
596,238.12572765350342,0,0,-1307,126,0,12083,-84,401,0,12027,-147,636,0,11430,-437,110,-4,11957,-204,0,0,11979,-1300,-438,315,-475,-200,4,4,4,4,4
597,238.52643084526062,0,0,-1307,23,0,12061,-85,458,0,12034,-147,625,0,11453,-517,110,0,11996,-204,0,0,11958,-1300,-438,315,-475,-200,4,4,4,4,4
598,238.9257071018219,0,0,-1307,103,0,12059,-85,416,0,11853,-147,564,0,11419,-517,36,0,11960,-204,0,0,11942,-1300,-438,315,-475,-200,4,4,4,4,4
599,239.32505297660828,0,0,-1307,44,0,12068,-147,562,-2,11921,-85,84,4,12096,-480,41,0,12027,-204,0,0,12007,-1300,-438,315,-475,-200,4,4,4,4,4
600,239.72453117370605,0,0,-1307,26,0,12068,-244,501,-3,11933,11,88,4,12147,-480,0,0,12000,-204,0,0,12019,-1300,-94,241,-694,-200,4,4,4,4,4
601,240.12380123138428,0,0,-1307,110,0,12069,-344,447,-3,11954,105,32,5,12160,-480,0,0,12027,-204,0,0,12024,-1300,-94,241,-694,-200,4,4,4,4,4
602,240.52315640449524,0,0,-1307,58,0,12072,-450,346,0,12069,201,211,3,12156,-480,0,0,12012,-204,0,0,12001,-1300,-94,241,-694,-200,4,4,4,4,4
603,240.92379903793335,0,0,-1307,76,0,12071,-444,260,0,12058,295,0,3,12171,-479,0,0,12037,-204,0,0,12027,-1300,-94,241,-694,-200,4,4,4,4,4
604,241.32314777374268,0,0,-1307,81,0,12056,-444,203,0,12052,315,574,0,12024,-480,0,0,12010,-204,0,0,12010,-1300,-94,241,-694,-200,4,4,4,4,4
605,241.72243475914001,0,0,-1307,86,0,12040,-444,63,0,12061,315,546,0,11814,-479,0,0,11993,-204,0,0,12014,-1300,-94,241,-694,-200,4,4,4,4,4
606,242.12190580368042,0,0,-1307,50,0,12061,-395,197,4,12002,255,633,0,11699,-517,58,-3,11883,-204,0,0,11970,-1300,-94,241,-694,-200,4,4,4,4,4
607,242.52127885818481,0,0,-1307,70,0,12062,-295,215,4,11974,243,428,0,11573,-613,163,-3,11973,-204,0,0,11960,-1300,800,-200,-575,-200,4,4,4,4,4
608,242.92066502571106,0,0,-1307,100,0,12076,-197,245,4,12042,243,576,0,11584,-689,130,0,11988,-204,0,0,11964,-1300,800,-200,-575,-200,4,4,4,4,4
609,243.32008624076843,0,0,-1307,98,0,12009,-100,207,1,12046,243,577,0,11565,-689,107,0,12004,-204,0,0,11946,-1300,800,-200,-575,-200,4,4,4,4,4
610,243.7209436893463,0,0,-1307,79,0,12058,-83,490,3,12044,237,589,-5,11490,-686,37,3,11988,-204,0,0,11988,-1300,800,-200,-575,-200,4,4,4,4,4
611,244.11888670921326,0,0,-1307,47,0,12051,1,0,4,11982,137,565,-3,11628,-599,137,3,12000,-204,1,0,11926,-1300,800,-200,-575,-200,4,4,4,4,4
612,244.51958322525024,0,0,-1307,81,0,12033,109,0,4,12050,43,574,-3,11524,-578,0,0,11927,-204,0,0,11932,-1300,800,-200,-575,-600,4,4,4,4,4
613,244.91750645637512,0,0,-1307,46,0,12062,210,162,4,11959,-54,654,-4,11597,-578,0,0,11981,-204,0,0,11938,-1300,800,-200,-575,-600,4,4,4,4,4
614,245.31829714775085,0,0,-1307,138,0,12065,306,295,4,11971,-149,617,-3,11681,-578,0,0,11990,-204,0,0,11913,-1300,800,-200,-575,-600,4,4,4,4,4
615,245.71761441230774,0,0,-1307,41,0,12060,404,283,3,11975,-198,424,0,11546,-578,0,0,12008,-204,9,0,11990,-1300,800,-200,-575,-600,4,4,4,4,4
616,246.11687302589417,0,0,-1307,73,0,12060,500,438,4,12043,-199,590,0,11587,-578,0,0,12015,-204,0,0,11917,-1300,800,-200,-575,-600,4,4,4,4,4
617,246.51628875732422,0,0,-1307,48,0,12029,595,439,4,12046,-199,559,0,11584,-578,0,0,12004,-204,75,0,11988,-1300,800,-200,-575,-600,4,4,4,4,4
618,246.915620803833,0,0,-1307,123,0,12043,690,448,3,12046,-199,487,0,11583,-578,0,0,12000,-204,0,0,11932,-1300,800,-200,-575,-600,4,4,4,4,4
619,247.3149335384369,0,0,-1307,38,0,12060,785,327,3,12048,-199,493,0,11545,-578,0,1,11936,-204,0,0,11980,-1300,800,-200,-575,-600,4,4,4,4,4
620,247.71443104743958,0,0,-1307,27,0,12064,804,632,0,11764,-202,405,0,12114,-578,9,0,11961,-203,0,0,11988,-1300,800,-200,-575,-600,4,4,4,4,4
621,248.11505031585693,0,0,-1307,66,0,12040,804,472,0,11799,-202,297,0,12116,-578,0,0,11985,-226,0,-3,11923,-1300,800,-200,-575,-600,4,4,4,4,4
622,248.51533699035645,-1,0,-1307,51,0,12060,804,544,0,11820,-202,247,0,12068,-578,0,0,11985,-324,79,-3,11968,-1300,800,-200,-575,-600,4,4,4,4,4
623,248.91413736343384,-1,0,-1307,79,0,12060,804,638,0,11848,-202,262,0,12132,-578,0,0,11983,-421,78,-3,11966,-1300,800,-200,-575,-600,4,4,4,4,4
624,249.31309843063354,-1,0,-1307,82,0,12071,804,602,0,11857,-202,412,0,12124,-578,0,0,11962,-517,129,-3,11917,-1300,800,-200,-575,-600,4,4,4,4,4
625,249.7126166820526,-1,0,-1307,41,0,12053,804,594,0,11881,-202,386,0,12129,-578,0,0,11993,-596,99,0,11952,-1300,800,-200,-575,-600,4,4,4,4,4
626,250.1120252609253,-1,0,-1307,24,0,12062,804,563,0,11883,-202,429,0,12127,-578,1,0,11923,-596,88,0,11942,-1300,800,-200,-575,-600,4,4,4,4,4
627,250.51264691352844,-1,0,-1307,78,0,12062,804,630,0,11814,-202,286,0,12065,-578,0,0,11995,-596,25,0,11980,-1300,800,-200,-575,-600,4,4,4,4,4
628,250.9120168685913,-1,0,-1307,126,0,12061,804,615,0,11905,-202,314,0,12047,-578,0,0,11997,-596,47,0,11931,-1300,800,-200,-575,-600,4,4,4,4,4
629,251.31121921539307,-1,0,-1307,12,0,11994,772,641,-3,11839,-168,0,4,12101,-525,108,4,11944,-596,55,0,11942,-1300,450,0,-400,-600,4,4,4,4,4
630,251.71066808700562,-1,0,-1307,85,0,11990,682,734,-4,11889,-70,302,4,12094,-427,72,3,11899,-596,96,0,11926,-1300,450,0,-400,-600,4,4,4,4,4
631,252.11015367507935,-1,0,-1307,38,0,11884,588,758,-5,11878,1,13,0,12013,-400,0,0,11943,-596,27,0,11925,0,0,0,0,0,4,4,4,4,4
632,252.5093972682953,-1,0,-1307,5,0,12054,487,643,-3,11801,1,218,0,12017,-399,1,0,11931,-596,55,0,11899,0,0,0,0,0,4,4,4,4,4
633,252.90894770622253,-1,0,-1307,37,0,12051,456,664,0,11901,1,571,0,12094,-399,0,0,11877,-596,25,0,11965,0,0,0,0,0,4,4,4,4,4
634,253.31003952026367,-1,0,-1307,97,0,12027,456,683,0,11900,1,292,0,12022,-399,0,0,11969,-596,8,0,11960,0,0,0,0,0,4,4,4,4,4
635,253.7088804244995,-1,0,-1255,229,5,12022,385,665,-3,11918,2,405,0,12082,-322,25,4,11825,-536,115,4,11902,0,0,0,0,0,4,4,4,4,4
636,254.10799622535706,-1,0,-1156,176,4,11943,285,718,-3,11794,2,316,0,11619,-225,49,5,11869,-438,70,4,11890,0,0,0,0,0,4,4,4,4,4
637,254.50744676589966,-1,0,-1060,168,4,12019,188,720,-4,11894,2,449,0,11648,-128,68,4,11913,-342,145,4,11875,0,0,0,0,0,4,4,4,4,4
638,254.90689778327942,-1,0,-965,158,4,12022,90,625,-4,11880,2,530,0,11590,-32,2,3,11929,-246,74,4,11880,0,0,0,0,0,4,4,4,4,4
639,255.3062858581543,-1,0,-868,145,4,12019,-9,588,1,11929,1,589,1,11583,2,2,0,11901,-150,35,4,11900,0,0,0,0,0,4,4,4,4,4
640,255.7068386077881,-1,0,-774,216,4,12038,-9,434,0,11914,2,403,0,11599,2,0,0,11968,-53,70,4,11925,0,0,0,0,0,4,4,4,4,4
641,256.1070668697357,-1,0,-679,140,4,12038,-9,536,0,11921,2,385,0,11578,2,2,0,12005,-6,50,0,11956,0,0,0,0,0,4,4,4,4,4
642,256.505588054657,-1,0,-582,198,5,12036,-9,465,0,11925,2,542,0,11512,2,0,0,11982,-6,69,0,11951,0,0,0,0,0,4,4,4,4,4
643,256.90494441986084,-1,0,-486,203,4,12038,-9,515,0,11876,2,510,0,11559,2,0,0,11948,-6,13,0,11971,0,0,0,0,0,4,4,4,4,4
644,257.3056254386902,-1,0,-390,177,4,12039,-9,552,0,11940,2,398,0,11566,2,0,0,11983,-6,82,0,11966,0,0,0,0,0,4,4,4,4,4
645,257.7051451206207,-1,0,-295,126,4,12044,-9,464,0,11931,2,558,0,11552,2,0,0,11983,-6,32,0,11968,0,0,0,0,0,4,4,4,4,4
646,258.10430574417114,-1,0,-201,176,4,12042,-9,538,0,11937,2,529,0,11555,2,0,0,11984,-6,70,0,11968,0,0,0,0,0,4,4,4,4,4
647,258.50383400917053,-1,0,-107,156,5,12039,-9,418,0,11932,2,570,0,11573,2,0,0,11952,-6,32,0,11980,0,0,0,0,0,4,4,4,4,4
648,258.9032337665558,-1,0,-10,210,1,12011,-9,512,0,11937,2,568,0,11561,2,0,0,11986,-6,16,0,11956,0,0,0,0,0,4,4,4,4,4
649,259.30249762535095,-1,0,-1,119,0,12058,-9,530,0,11944,2,541,0,11557,2,0,0,11970,-6,44,0,11974,0,0,0,0,0,4,4,4,4,4
